track_name,artist(s)_name,artist_count,released_year,released_month,released_day,in_spotify_playlists,in_spotify_charts,streams,in_apple_playlists,in_apple_charts,in_deezer_playlists,in_deezer_charts,in_shazam_charts,bpm,key,mode,danceability_percent,valence_percent,energy_percent,acousticness_percent,instrumentalness_percent,liveness_percent,speechiness_percent,popularity_score,spotify_mood_label,interpreted_song_type,mood_complexity,platform_visibility_type,audit_note,external_visibility_factor
Seven (feat. Latto) (Explicit Ver.),"Latto, Jung Kook",2,2023,7,14,553,147,141381703,43,263,45,10,826.0,125,B,Major,80,89,83,31,0,8,4,408.3,upbeat,upbeat pop anthem,simple,playlist-driven,spotify and interpretive labels mostly align,social media virality
LALA,Myke Towers,1,2023,3,23,1474,48,133716286,48,126,58,14,382.0,92,C#,Major,71,61,74,7,0,10,4,550.9,mixed,mixed emotional tone,complex,playlist-driven,mixed emotional signals across metrics,social media virality
vampire,Olivia Rodrigo,1,2023,6,30,1397,113,140003974,94,207,91,14,949.0,138,F,Major,51,32,53,17,0,31,6,669.5999999999999,mixed,mixed emotional tone,complex,playlist-driven,mixed emotional signals across metrics,social media virality
Cruel Summer,Taylor Swift,1,2019,8,23,7858,100,800840817,116,207,125,12,548.0,170,A,Major,55,58,72,11,0,11,15,2524.25,mixed,mixed emotional tone,complex,playlist-driven,mixed emotional signals across metrics,social media virality
WHERE SHE GOES,Bad Bunny,1,2023,5,18,3133,50,303236322,84,133,87,15,425.0,144,A,Minor,65,23,80,14,63,11,6,1058.85,mixed,somber mood,complex,playlist-driven,mixed emotional signals across metrics,social media virality
Sprinter,"Dave, Central Cee",2,2023,6,1,2186,91,183706234,67,213,88,17,946.0,141,C#,Major,92,66,58,19,0,8,24,901.4000000000001,positive,dance-focused track,simple,playlist-driven,spotify and interpretive labels mostly align,social media virality
Ella Baila Sola,"Eslabon Armado, Peso Pluma",2,2023,3,16,3090,50,725980112,34,222,43,13,418.0,148,F,Minor,67,83,76,48,0,8,3,1057.6999999999998,upbeat,emotionally positive,simple,playlist-driven,spotify and interpretive labels mostly align,social media virality
Columbia,Quevedo,1,2023,7,7,714,43,58149378,25,89,30,13,194.0,100,F,Major,67,26,71,37,0,11,4,278.4,mixed,somber mood,complex,playlist-driven,mixed emotional signals across metrics,social media virality
fukumean,Gunna,1,2023,5,15,1096,83,95217315,60,210,48,11,953.0,130,C#,Minor,85,22,62,12,0,28,9,572.75,mixed,danceable but emotionally negative,complex,playlist-driven,danceability conflicts with emotional tone,social media virality
La Bebe - Remix,"Peso Pluma, Yng Lvcas",2,2023,3,17,2953,44,553634067,49,110,66,13,339.0,170,D,Minor,81,56,48,21,0,8,33,982.4999999999999,mixed,dance-focused track,complex,playlist-driven,mixed emotional signals across metrics,social media virality
un x100to,"Bad Bunny, Grupo Frontera",2,2023,4,17,2876,40,505671438,41,205,54,12,251.0,83,F#,Minor,57,56,72,23,0,27,5,954.95,mixed,mixed emotional tone,complex,playlist-driven,mixed emotional signals across metrics,social media virality
Super Shy,NewJeans,1,2023,7,7,422,55,58255150,37,202,21,5,168.0,150,F,Minor,78,52,82,18,0,15,7,204.74999999999997,intense,dance-focused track,simple,playlist-driven,spotify and interpretive labels mostly align,social media virality
Flowers,Miley Cyrus,1,2023,1,12,12211,115,1316855716,300,215,745,58,1021.0,118,,Major,71,65,68,6,0,3,7,3934.2999999999997,mixed,mixed emotional tone,complex,playlist-driven,mixed emotional signals across metrics,social media virality
Daylight,David Kushner,1,2023,4,14,3528,98,387570742,80,156,182,24,1281.0,130,D,Minor,51,32,43,83,0,9,3,1364.9,sad,mixed emotional tone,complex,playlist-driven,mixed emotional signals across metrics,social media virality
As It Was,Harry Styles,1,2022,3,31,23575,130,2513188493,403,198,863,46,0.0,174,F#,Minor,52,66,73,34,0,31,6,7139.3,positive,mixed emotional tone,complex,playlist-driven,mixed emotional signals across metrics,playlist amplification
Kill Bill,SZA,1,2022,12,8,8109,77,1163093654,183,162,161,12,187.0,89,G#,Major,64,43,73,5,17,16,4,2514.85,mixed,mixed emotional tone,complex,playlist-driven,mixed emotional signals across metrics,social media virality
Cupid - Twin Ver.,Fifty Fifty,1,2023,2,24,2942,77,496795686,91,212,78,6,0.0,120,B,Minor,78,76,59,43,0,34,3,934.25,positive,dance-focused track,simple,playlist-driven,spotify and interpretive labels mostly align,playlist amplification
"What Was I Made For? [From The Motion Picture ""Barbie""]",Billie Eilish,1,2023,7,13,873,104,30546883,80,227,95,24,1173.0,78,,Major,44,14,9,96,0,10,3,558.95,sad,reflective acoustic mood,simple,playlist-driven,spotify and interpretive labels mostly align,social media virality
Classy 101,"Feid, Young Miko",2,2023,3,31,2610,40,335222234,43,100,54,14,187.0,100,B,Major,86,67,66,14,0,12,16,846.8,positive,dance-focused track,simple,playlist-driven,spotify and interpretive labels mostly align,social media virality
Like Crazy,Jimin,1,2023,3,24,596,68,363369738,8,104,23,2,29.0,120,G,Major,63,36,73,0,0,36,4,217.39999999999998,mixed,mixed emotional tone,complex,playlist-driven,mixed emotional signals across metrics,playlist amplification
LADY GAGA,"Gabito Ballesteros, Junior H, Peso Pluma",3,2023,6,22,332,26,86444842,11,163,10,4,0.0,140,F,Minor,65,87,74,22,0,42,4,130.95,upbeat,emotionally positive,simple,playlist-driven,spotify and interpretive labels mostly align,playlist amplification
I Can See You (Taylorï¿½ï¿½ï¿½s Version) (From The ,Taylor Swift,1,2023,7,7,516,38,52135248,73,119,42,1,150.0,123,F#,Major,69,82,76,6,0,6,3,212.24999999999997,upbeat,emotionally positive,simple,playlist-driven,spotify and interpretive labels mostly align,social media virality
I Wanna Be Yours,Arctic Monkeys,1,2013,1,1,12859,110,1297026226,24,98,582,2,73.0,135,,Minor,48,44,42,12,2,11,3,3914.6999999999994,mixed,mixed emotional tone,complex,playlist-driven,mixed emotional signals across metrics,playlist amplification
"Peso Pluma: Bzrp Music Sessions, Vol. 55","Bizarrap, Peso Pluma",2,2023,5,31,1313,40,200647221,17,152,32,11,139.0,133,F,Minor,85,81,67,26,0,12,5,455.6,positive,dance-focused track,simple,playlist-driven,spotify and interpretive labels mostly align,social media virality
Popular (with Playboi Carti & Madonna) - The Idol Vol. 1 (Music from the HBO Original Series),"The Weeknd, Madonna, Playboi Carti",3,2023,6,2,1945,87,115364561,74,182,87,14,1093.0,99,C#,Major,85,83,68,7,0,36,20,852.55,positive,dance-focused track,simple,playlist-driven,spotify and interpretive labels mostly align,social media virality
SABOR FRESA,Fuerza Regida,1,2023,6,22,250,26,78300654,16,149,10,5,168.0,130,G,Minor,79,96,86,9,0,9,9,137.95,upbeat,upbeat pop anthem,simple,playlist-driven,spotify and interpretive labels mostly align,social media virality
Calm Down (with Selena Gomez),"Rï¿½ï¿½ma, Selena G",2,2022,3,25,7112,77,899183384,202,119,318,38,96.0,107,B,Major,80,82,80,43,0,14,4,2193.7,upbeat,dance-focused track,simple,playlist-driven,spotify and interpretive labels mostly align,playlist amplification
MOJABI GHOST,"Tainy, Bad Bunny",2,2023,6,29,859,40,61245289,35,109,41,14,211.0,122,F#,Minor,81,74,71,14,0,56,4,327.65,upbeat,dance-focused track,simple,playlist-driven,spotify and interpretive labels mostly align,social media virality
Last Night,Morgan Wallen,1,2023,1,31,2420,19,429829812,52,107,15,1,325.0,204,F#,Major,52,52,68,46,0,15,4,811.9,mixed,mixed emotional tone,complex,playlist-driven,mixed emotional signals across metrics,social media virality
Dance The Night (From Barbie The Album),Dua Lipa,1,2023,5,25,2988,101,127408954,0,0,143,38,0.0,110,B,Minor,67,78,85,2,0,33,5,925.4499999999999,upbeat,upbeat pop anthem,simple,playlist-driven,spotify and interpretive labels mostly align,playlist amplification
Rush,Troye Sivan,1,2023,7,13,864,78,22581161,71,135,50,1,294.0,126,F,Minor,74,35,84,0,0,11,6,357.85,intense,danceable but emotionally negative,simple,playlist-driven,spotify and interpretive labels mostly align,social media virality
TULUM,"Peso Pluma, Grupo Frontera",2,2023,6,28,266,34,52294266,20,185,13,8,197.0,168,F#,Major,56,63,87,39,0,11,5,156.25,intense,mixed emotional tone,complex,playlist-driven,mixed emotional signals across metrics,social media virality
Creepin',"The Weeknd, 21 Savage, Metro Boomin",3,2022,12,2,6036,88,843957510,113,149,245,23,27.0,98,C#,Minor,71,17,61,36,0,8,5,1862.85,mixed,danceable but emotionally negative,complex,playlist-driven,mixed emotional signals across metrics,playlist amplification
Anti-Hero,Taylor Swift,1,2022,10,21,9082,56,999748277,242,142,165,9,310.0,97,E,Major,64,51,63,12,0,19,5,2822.8,mixed,mixed emotional tone,complex,playlist-driven,mixed emotional signals across metrics,social media virality
TQG,"Karol G, Shakira",2,2023,2,23,4284,49,618990393,115,123,184,18,354.0,180,E,Minor,72,61,63,67,0,9,28,1388.5,mixed,mixed emotional tone,complex,playlist-driven,mixed emotional signals across metrics,social media virality
Los del Espacio,"Big One, Duki, Lit Killah, Maria Becerra, FMK, Rusherking, Emilia, Tiago pzk",8,2023,6,1,1150,31,123122413,22,33,34,7,184.0,120,,Major,81,63,68,11,0,11,4,395.2,mixed,dance-focused track,complex,playlist-driven,mixed emotional signals across metrics,social media virality
Frï¿½ï¿½gil (feat. Grupo Front,"Yahritza Y Su Esencia, Grupo Frontera",2,2023,4,7,672,34,188933502,19,108,24,9,212.0,150,F#,Major,61,39,73,37,0,11,3,269.6,mixed,mixed emotional tone,complex,playlist-driven,mixed emotional signals across metrics,social media virality
Blank Space,Taylor Swift,1,2014,1,1,11434,53,1355959075,154,123,410,2,81.0,96,F,Major,75,57,68,9,0,13,6,3478.2999999999993,mixed,mixed emotional tone,complex,playlist-driven,mixed emotional signals across metrics,playlist amplification
Style,Taylor Swift,1,2014,1,1,7830,42,786181836,94,111,151,4,82.0,95,D,Major,60,48,79,0,0,12,4,2392.9500000000003,mixed,mixed emotional tone,complex,playlist-driven,mixed emotional signals across metrics,playlist amplification
TQM,Fuerza Regida,1,2023,5,19,584,28,176553476,16,159,15,6,100.0,125,F,Minor,79,96,85,27,0,11,6,226.64999999999998,upbeat,upbeat pop anthem,simple,playlist-driven,spotify and interpretive labels mostly align,playlist amplification
El Azul,"Junior H, Peso Pluma",2,2023,2,10,692,25,354495408,10,107,6,3,62.0,144,A,Minor,56,84,65,23,0,10,6,242.60000000000002,positive,emotionally positive,simple,playlist-driven,spotify and interpretive labels mostly align,playlist amplification
Sunflower - Spider-Man: Into the Spider-Verse,"Post Malone, Swae Lee",2,2018,10,9,24094,78,2808096550,372,117,843,4,69.0,90,D,Major,76,91,50,54,0,7,5,7279.45,positive,dance-focused track,simple,playlist-driven,spotify and interpretive labels mostly align,playlist amplification
I'm Good (Blue),"Bebe Rexha, David Guetta",2,2022,8,26,12482,80,1109433169,291,184,537,45,727.0,128,G,Minor,56,38,97,4,0,35,4,3942.1,intense,mixed emotional tone,complex,playlist-driven,mixed emotional signals across metrics,social media virality
See You Again,"Tyler, The Creator, Kali Uchis",3,2017,7,21,13387,64,1047101291,77,58,247,1,311.0,79,F#,Major,56,58,56,37,0,11,10,4103.099999999999,mixed,mixed emotional tone,complex,playlist-driven,mixed emotional signals across metrics,social media virality
Barbie World (with Aqua) [From Barbie The Album],"Nicki Minaj, Aqua, Ice Spice",3,2023,6,23,1117,80,65156199,82,145,65,16,1133.0,144,,Major,77,75,58,52,0,23,25,605.05,positive,dance-focused track,simple,playlist-driven,spotify and interpretive labels mostly align,social media virality
Angels Like You,Miley Cyrus,1,2020,11,27,3372,19,570515054,65,48,138,1,102.0,122,F,Major,67,49,64,10,0,10,3,1044.05,mixed,mixed emotional tone,complex,playlist-driven,mixed emotional signals across metrics,social media virality
I Ain't Worried,OneRepublic,1,2022,5,13,8431,76,1085685420,241,127,458,37,332.0,140,,Major,71,82,81,11,0,6,5,2637.45,upbeat,upbeat pop anthem,simple,playlist-driven,spotify and interpretive labels mostly align,social media virality
Die For You,The Weeknd,1,2016,11,24,2483,59,1647990401,68,21,24,0,259.0,134,C#,Minor,59,51,52,9,0,15,7,814.5999999999999,mixed,mixed emotional tone,complex,playlist-driven,mixed emotional signals across metrics,social media virality
Starboy,"The Weeknd, Daft Punk",2,2016,9,21,29536,79,2565529693,281,137,"2,445",1,140.0,186,G,Major,68,49,59,16,0,13,28,8929.199999999999,mixed,mixed emotional tone,complex,playlist-driven,mixed emotional signals across metrics,social media virality
Die For You - Remix,"Ariana Grande, The Weeknd",2,2023,2,24,3408,47,518745108,87,86,74,1,16.0,67,C#,Minor,53,50,53,23,0,44,7,1050.3500000000001,mixed,mixed emotional tone,complex,playlist-driven,mixed emotional signals across metrics,playlist amplification
El Cielo,"Feid, Myke Towers, Sky Rompiendo",3,2023,6,2,1298,38,107753850,44,64,57,10,110.0,106,A#,Minor,72,17,64,7,0,10,5,431.5,mixed,danceable but emotionally negative,complex,playlist-driven,mixed emotional signals across metrics,social media virality
Baby Don't Hurt Me,"David Guetta, Anne-Marie, Coi Leray",3,2023,4,6,4277,66,177740666,145,111,213,11,810.0,128,G,Major,60,23,91,0,0,12,3,1479.35,intense,emotionally tense,simple,playlist-driven,high energy despite low emotional positivity,social media virality
AMARGURA,Karol G,1,2023,2,24,1133,39,153372011,14,71,23,10,176.0,107,F#,Minor,92,55,70,18,0,15,7,396.49999999999994,mixed,dance-focused track,complex,playlist-driven,mixed emotional signals across metrics,social media virality
(It Goes Like) Nanana - Edit,Peggy Gou,1,2023,6,15,2259,59,57876440,0,0,109,17,0.0,130,G,Minor,67,96,88,12,19,8,4,694.15,upbeat,upbeat pop anthem,simple,playlist-driven,spotify and interpretive labels mostly align,playlist amplification
Another Love,Tom Odell,1,2012,10,15,18371,83,1813673666,250,122,"3,394",19,0.0,123,E,Minor,45,13,54,70,0,9,4,5552.25,mixed,somber mood,complex,playlist-driven,mixed emotional signals across metrics,playlist amplification
Blinding Lights,The Weeknd,1,2019,11,29,43899,69,3703895074,672,199,"3,421",20,0.0,171,C#,Major,50,38,80,0,0,9,7,13218.8,mixed,mixed emotional tone,complex,playlist-driven,mixed emotional signals across metrics,playlist amplification
Moonlight,Kali Uchis,1,2023,2,24,2649,42,256483385,67,79,57,1,615.0,137,G,Minor,64,88,72,51,0,17,5,940.15,upbeat,emotionally positive,simple,playlist-driven,spotify and interpretive labels mostly align,social media virality
La Bachata,Manuel Turizo,1,2022,5,26,6804,45,1214083358,139,111,161,15,210.0,125,G,Minor,84,85,68,58,0,22,4,2112.6,positive,dance-focused track,simple,playlist-driven,spotify and interpretive labels mostly align,social media virality
S91,Karol G,1,2023,7,14,525,41,16011326,34,115,39,6,216.0,128,,Minor,86,42,72,59,0,9,19,228.8,mixed,dance-focused track,complex,playlist-driven,mixed emotional signals across metrics,social media virality
cardigan,Taylor Swift,1,2020,7,24,7923,29,812019557,106,112,142,4,215.0,130,,Minor,61,53,58,55,0,27,4,2444.3500000000004,mixed,mixed emotional tone,complex,playlist-driven,mixed emotional signals across metrics,social media virality
Tï¿½ï¿,"dennis, MC Kevin o Chris",2,2023,5,4,731,15,111947664,27,17,73,4,167.0,130,B,Major,86,59,96,50,1,9,5,259.4,intense,dance-focused track,simple,playlist-driven,spotify and interpretive labels mostly align,social media virality
Boy's a liar Pt. 2,"PinkPantheress, Ice Spice",2,2023,2,3,5184,41,156338624,154,84,102,14,37.0,133,F,Major,70,86,81,25,0,25,5,1586.8500000000001,upbeat,upbeat pop anthem,simple,playlist-driven,spotify and interpretive labels mostly align,playlist amplification
Left and Right (Feat. Jung Kook of BTS),"Charlie Puth, BTS, Jung Kook",3,2022,6,24,3107,39,720434240,38,0,4,0,0.0,101,D,Major,88,72,59,62,0,9,3,941.8499999999999,positive,dance-focused track,simple,playlist-driven,spotify and interpretive labels mostly align,playlist amplification
BESO,"Rauw Alejandro, ROSALï¿½",2,2023,3,24,4053,50,357925728,82,121,182,12,171.0,95,F,Minor,77,53,64,74,0,17,14,1281.95,mixed,dance-focused track,complex,playlist-driven,mixed emotional signals across metrics,social media virality
Hey Mor,"Ozuna, Feid",2,2022,10,6,4637,38,674072710,63,79,89,11,16.0,98,C#,Minor,90,40,59,0,0,10,29,1416.7499999999998,mixed,dance-focused track,complex,playlist-driven,mixed emotional signals across metrics,playlist amplification
Yellow,Chris Molitor,1,1999,1,1,31358,43,1755214421,196,2,"4,053",5,0.0,173,B,Major,43,28,66,0,0,23,3,9418.949999999999,mixed,somber mood,complex,playlist-driven,mixed emotional signals across metrics,playlist amplification
Karma,Taylor Swift,1,2022,10,21,3818,23,404562836,37,55,32,0,272.0,90,G#,Major,64,10,62,7,0,48,7,1213.8,mixed,somber mood,complex,playlist-driven,mixed emotional signals across metrics,social media virality
People,Libianca,1,2022,12,2,3506,56,373199958,105,64,169,8,529.0,198,A#,Minor,59,71,42,55,0,10,7,1181.9999999999998,positive,emotionally positive,simple,playlist-driven,spotify and interpretive labels mostly align,social media virality
Overdrive,Post Malone,1,2023,7,14,410,36,14780425,36,32,31,1,26.0,140,C#,Major,56,48,73,0,0,35,4,142.1,mixed,mixed emotional tone,complex,playlist-driven,mixed emotional signals across metrics,playlist amplification
Enchanted (Taylor's Version),Taylor Swift,1,2023,7,7,148,24,39578178,32,93,8,2,5.0,82,G#,Major,51,22,53,1,0,15,3,65.55,mixed,somber mood,complex,cross-platform-balanced,mixed emotional signals across metrics,mixed or unclear visibility
BABY HELLO,"Rauw Alejandro, Bizarrap",2,2023,6,23,1004,35,54266102,42,80,58,3,169.0,130,C#,Minor,77,84,89,17,0,43,5,356.05,upbeat,upbeat pop anthem,simple,playlist-driven,spotify and interpretive labels mostly align,social media virality
Heat Waves,Glass Animals,1,2020,6,28,22543,63,2557975762,386,144,707,28,0.0,81,B,Major,76,53,53,44,0,9,9,6803.05,mixed,dance-focused track,complex,playlist-driven,mixed emotional signals across metrics,playlist amplification
golden hour,JVKE,1,2022,7,15,4511,36,751134527,70,58,109,18,230.0,94,C#,Minor,51,14,59,65,18,25,3,1418.8,mixed,somber mood,complex,playlist-driven,mixed emotional signals across metrics,social media virality
Sweater Weather,The Neighbourhood,1,2012,5,14,16413,61,2282771485,166,87,"1,056",1,0.0,124,A#,Major,61,41,81,5,2,10,3,4952.3,intense,mixed emotional tone,complex,playlist-driven,mixed emotional signals across metrics,playlist amplification
"Quevedo: Bzrp Music Sessions, Vol. 52","Bizarrap, Quevedo",2,2022,7,6,8506,45,1356565093,94,65,164,14,176.0,128,D,Major,62,55,78,1,3,23,4,2609.3999999999996,mixed,mixed emotional tone,complex,playlist-driven,mixed emotional signals across metrics,social media virality
Viva La Vida,Coldplay,1,2008,1,1,33898,62,1592909789,233,0,"4,095",9,0.0,138,F,Minor,49,42,62,9,0,11,3,10185.8,mixed,mixed emotional tone,complex,playlist-driven,mixed emotional signals across metrics,playlist amplification
Here With Me,d4vd,1,2022,7,17,3246,23,635412045,94,85,68,1,84.0,132,E,Major,58,27,48,50,0,12,3,1009.1999999999999,sad,somber mood,simple,playlist-driven,spotify and interpretive labels mostly align,playlist amplification
Unholy (feat. Kim Petras),"Sam Smith, Kim Petras",2,2022,9,22,8576,42,1230675890,216,108,331,26,154.0,131,D,Major,71,24,47,1,0,27,9,2632.8999999999996,sad,danceable but emotionally negative,simple,playlist-driven,spotify and interpretive labels mostly align,social media virality
Yandel 150,"Yandel, Feid",2,2022,12,20,3618,38,585695368,47,74,80,14,194.0,168,F#,Minor,78,58,73,5,0,10,7,1146.1999999999998,mixed,dance-focused track,complex,playlist-driven,mixed emotional signals across metrics,social media virality
CORAZï¿½ï¿½N VA,Maria Becerra,1,2023,6,22,370,20,43857627,12,16,18,4,93.0,98,C#,Major,68,40,79,33,0,30,6,137.4,mixed,mixed emotional tone,complex,playlist-driven,mixed emotional signals across metrics,playlist amplification
Riptide,Vance Joy,1,1975,1,1,31123,55,2009094673,300,65,"1,003",1,0.0,102,C#,Major,48,50,73,43,0,15,4,9360.5,mixed,mixed emotional tone,complex,playlist-driven,mixed emotional signals across metrics,playlist amplification
Until I Found You (with Em Beihold) - Em Beihold Version,"Em Beihold, Stephen Sanchez",2,2022,4,22,2790,30,600976848,60,96,71,0,115.0,101,A#,Major,34,32,57,78,0,20,3,881.9,mixed,mixed emotional tone,complex,playlist-driven,mixed emotional signals across metrics,social media virality
Novidade na ï¿½ï¿,"Mc Livinho, DJ Matt D",2,2023,6,23,267,9,39709092,9,6,25,2,72.0,130,F,Major,63,36,34,76,0,35,9,97.85000000000001,mixed,reflective acoustic mood,complex,playlist-driven,mixed emotional signals across metrics,playlist amplification
Back To December (Taylor's Version),Taylor Swift,1,2023,7,7,139,17,39228929,16,72,5,0,8.0,142,D,Major,50,20,64,1,0,12,3,58.349999999999994,mixed,somber mood,complex,cross-platform-balanced,mixed emotional signals across metrics,mixed or unclear visibility
STAY (with Justin Bieber),"Justin Bieber, The Kid Laroi",2,2021,7,9,17050,36,2665343922,492,99,798,31,0.0,170,C#,Major,59,48,76,4,0,10,5,5141.950000000001,mixed,mixed emotional tone,complex,playlist-driven,mixed emotional signals across metrics,playlist amplification
El Merengue,"Marshmello, Manuel Turizo",2,2023,3,3,2114,44,223633238,80,75,110,11,323.0,124,G#,Minor,78,70,68,3,1,11,4,722.15,positive,dance-focused track,simple,playlist-driven,spotify and interpretive labels mostly align,social media virality
Someone You Loved,Lewis Capaldi,1,2018,11,8,17836,53,2887241814,440,125,"1,800",0,0.0,110,C#,Major,50,45,41,75,0,11,3,5382.8,mixed,mixed emotional tone,complex,playlist-driven,mixed emotional signals across metrics,playlist amplification
Me Porto Bonito,"Chencho Corleone, Bad Bunny",2,2022,5,6,8870,43,1440757818,104,120,141,26,49.0,92,C#,Minor,91,43,71,9,0,9,8,2702.15,mixed,dance-focused track,complex,playlist-driven,mixed emotional signals across metrics,playlist amplification
Makeba,Jain,1,2015,6,22,6060,53,165484133,150,148,"2,703",22,1451.0,116,D,Major,82,40,66,39,51,25,7,2145.85,mixed,dance-focused track,complex,playlist-driven,mixed emotional signals across metrics,social media virality
MONTAGEM - FR PUNK,"Ayparia, unxbected",2,2012,6,20,641,50,58054811,1,52,8,0,1170.0,129,A,Major,63,84,82,70,8,9,7,446.6,upbeat,upbeat pop anthem,simple,playlist-driven,spotify and interpretive labels mostly align,social media virality
Fast Car,Luke Combs,1,2023,3,24,1446,12,157058870,57,97,35,0,429.0,98,G#,Major,71,67,60,19,0,12,3,537.1500000000001,positive,mixed emotional tone,complex,playlist-driven,mixed emotional signals across metrics,social media virality
What It Is (Solo Version),Doechii,1,2023,3,17,804,25,95131998,29,76,24,0,162.0,172,C#,Minor,74,76,76,6,0,10,9,291.24999999999994,upbeat,emotionally positive,simple,playlist-driven,spotify and interpretive labels mostly align,social media virality
Coco Chanel,"Bad Bunny, Eladio Carrion",2,2023,3,17,1962,38,250305248,28,89,29,5,82.0,150,D,Major,68,14,76,4,0,10,4,628.35,mixed,somber mood,complex,playlist-driven,mixed emotional signals across metrics,playlist amplification
Donï¿½ï¿½ï¿½t Bl,Taylor Swift,1,2017,11,8,4875,23,685032533,19,45,0,0,10.0,136,A,Minor,62,19,53,11,0,6,4,1477.0,mixed,somber mood,complex,playlist-driven,mixed emotional signals across metrics,playlist amplification
Still With You,Jung Kook,1,2020,6,5,31,39,38411956,2,107,8,0,0.0,88,C#,Minor,53,34,47,9,0,83,4,35.099999999999994,sad,mixed emotional tone,complex,cross-platform-balanced,mixed emotional signals across metrics,mixed or unclear visibility
All My Life (feat. J. Cole),"J. Cole, Lil Durk",2,2023,5,12,2175,23,144565150,69,145,69,2,478.0,143,D#,Major,83,69,44,15,0,10,33,775.8000000000001,positive,dance-focused track,simple,playlist-driven,spotify and interpretive labels mostly align,social media virality
Say Yes To Heaven,Lana Del Rey,1,2023,3,17,2000,46,127567540,49,105,63,1,0.0,100,F#,Minor,49,17,35,71,9,11,3,627.35,sad,reflective acoustic mood,simple,playlist-driven,spotify and interpretive labels mostly align,playlist amplification
Snooze,SZA,1,2022,12,9,2839,25,399686758,58,156,42,1,236.0,143,F,Major,56,39,55,14,0,11,13,928.65,mixed,mixed emotional tone,complex,playlist-driven,mixed emotional signals across metrics,social media virality
Summertime Sadness,Lana Del Rey,1,2011,1,1,20333,52,983637508,89,143,"1,632",3,200.0,112,C#,Minor,56,24,66,7,0,12,3,6174.65,mixed,somber mood,complex,playlist-driven,mixed emotional signals across metrics,social media virality
Take Two,BTS,1,2023,6,9,674,47,118482347,20,106,25,4,78.0,93,G,Major,62,57,59,3,0,38,3,245.85,mixed,mixed emotional tone,complex,playlist-driven,mixed emotional signals across metrics,playlist amplification
Lover,Taylor Swift,1,2012,1,1,8448,23,882831184,160,110,163,0,5.0,206,G,Major,43,50,55,50,0,15,10,2557.65,mixed,mixed emotional tone,complex,playlist-driven,mixed emotional signals across metrics,playlist amplification
Too Many Nights (feat. Don Toliver & with Future),"Future, Metro Boomin, Don Toliver",3,2022,12,2,2110,58,286400165,17,119,19,2,266.0,88,G,Minor,68,17,71,15,0,11,5,718.7500000000001,mixed,somber mood,complex,playlist-driven,mixed emotional signals across metrics,social media virality
Chemical,Post Malone,1,2023,4,14,2528,39,172825906,56,91,59,3,486.0,170,D,Major,50,37,90,0,0,12,5,879.3,intense,mixed emotional tone,complex,playlist-driven,mixed emotional signals across metrics,social media virality
Mockingbird,Eminem,1,2004,1,1,12985,61,1241559043,49,98,"2,394",5,204.0,84,E,Minor,62,24,67,21,0,13,28,3966.75,mixed,somber mood,complex,playlist-driven,mixed emotional signals across metrics,social media virality
New Jeans,NewJeans,1,2023,7,7,77,35,29562220,8,166,4,4,34.0,134,E,Minor,81,53,72,51,0,12,5,63.95,mixed,dance-focused track,complex,cross-platform-balanced,mixed emotional signals across metrics,mixed or unclear visibility
Primera Cita,Carin Leon,1,2022,4,20,266,27,77309611,6,40,6,6,202.0,158,A#,Major,54,50,40,61,0,10,6,133.55,mixed,mixed emotional tone,complex,playlist-driven,mixed emotional signals across metrics,social media virality
Cold Heart - PNAU Remix,"Dua Lipa, Elton John, Pnau",3,2017,11,10,21097,52,1605224506,384,135,"1,034",37,312.0,116,C#,Major,80,92,80,4,0,10,3,6428.449999999999,upbeat,dance-focused track,simple,playlist-driven,spotify and interpretive labels mostly align,social media virality
Dandelions,Ruth B.,1,2017,4,28,3423,21,1116995633,41,100,59,1,32.0,117,C#,Major,61,45,69,2,0,9,3,1053.6499999999999,mixed,mixed emotional tone,complex,playlist-driven,mixed emotional signals across metrics,playlist amplification
Bones,Imagine Dragons,1,2021,3,11,4198,44,838079900,98,108,327,17,153.0,114,F,Minor,77,65,72,2,0,7,5,1318.8999999999999,mixed,dance-focused track,complex,playlist-driven,mixed emotional signals across metrics,social media virality
Set Fire to the Rain,Adele,1,2011,1,1,14739,43,1163620694,88,112,"2,163",5,519.0,108,D,Minor,61,47,68,0,0,13,3,4553.55,mixed,mixed emotional tone,complex,playlist-driven,mixed emotional signals across metrics,social media virality
Money Trees,"Kendrick Lamar, Jay Rock",2,2012,1,1,26792,32,1093605526,69,113,695,0,458.0,144,E,Minor,74,37,53,7,0,21,10,8154.15,mixed,danceable but emotionally negative,complex,playlist-driven,mixed emotional signals across metrics,social media virality
Tak Segampang Itu,Anggi Marito,1,2022,12,2,213,6,179659294,7,6,0,0,48.0,130,F,Major,51,18,44,76,0,11,3,75.9,sad,somber mood,simple,playlist-driven,spotify and interpretive labels mostly align,mixed or unclear visibility
LAGUNAS,"Jasiel Nuï¿½ï¿½ez, Peso P",2,2023,6,22,58,18,39058561,2,106,4,2,184.0,116,B,Major,77,79,62,33,1,15,3,74.80000000000001,positive,dance-focused track,simple,viral/social-media-driven,spotify and interpretive labels mostly align,social media virality
Mine (Taylor's Version),Taylor Swift,1,2023,7,7,99,15,36912123,21,52,6,1,0.0,121,G,Major,65,49,78,0,0,17,4,41.35,mixed,mixed emotional tone,complex,cross-platform-balanced,mixed emotional signals across metrics,mixed or unclear visibility
Everybody Wants To Rule The World,Tears For Fears,1,1985,2,17,41751,25,1205951614,101,32,"2,655",0,666.0,112,G,Major,64,54,81,36,0,11,6,12669.55,intense,mixed emotional tone,complex,playlist-driven,mixed emotional signals across metrics,social media virality
No Role Modelz,J. Cole,1,2014,12,9,21164,36,1791000570,80,65,476,0,14.0,100,A#,Minor,70,47,52,30,0,6,33,6370.75,mixed,mixed emotional tone,complex,playlist-driven,mixed emotional signals across metrics,playlist amplification
Tattoo,Loreen,1,2023,2,25,2988,59,201660859,74,102,145,18,925.0,150,D#,Minor,55,30,78,24,0,12,8,1113.25,mixed,mixed emotional tone,complex,playlist-driven,mixed emotional signals across metrics,social media virality
Rara Vez,"Taiu, Milo j",2,2023,2,8,893,38,248088961,19,23,24,3,88.0,120,F,Minor,84,96,71,18,0,34,17,298.75,upbeat,dance-focused track,simple,playlist-driven,spotify and interpretive labels mostly align,playlist amplification
VAGABUNDO,"Sebastian Yatra, Manuel Turizo, Beï¿½ï",3,2023,5,12,1094,34,90839753,40,58,47,8,203.0,127,B,Minor,82,89,85,4,0,23,6,386.8,upbeat,upbeat pop anthem,simple,playlist-driven,spotify and interpretive labels mostly align,social media virality
august,Taylor Swift,1,2020,7,24,7324,22,607123776,25,81,61,1,44.0,90,F,Major,51,42,61,53,0,9,3,2223.75,mixed,mixed emotional tone,complex,playlist-driven,mixed emotional signals across metrics,playlist amplification
LUNA,"Junior H, Peso Pluma",2,2023,6,22,201,11,55842345,19,117,8,1,74.0,128,A,Minor,75,79,63,33,0,15,4,95.49999999999999,positive,emotionally positive,simple,playlist-driven,spotify and interpretive labels mostly align,mixed or unclear visibility
Miracle (with Ellie Goulding),"Calvin Harris, Ellie Goulding",2,2023,3,10,5120,48,211050784,161,115,246,9,638.0,143,A,Major,64,31,87,4,4,8,4,1693.75,intense,emotionally tense,simple,playlist-driven,high energy despite low emotional positivity,social media virality
Nonsense,Sabrina Carpenter,1,2022,7,15,2346,27,342897938,69,12,38,8,64.0,139,G#,Major,74,68,68,3,0,26,4,725.9499999999998,positive,mixed emotional tone,complex,playlist-driven,mixed emotional signals across metrics,playlist amplification
Que Vuelvas,"Carin Leon, Grupo Frontera",2,2022,12,9,763,26,2762,21,110,21,9,71.0,162,A#,Major,49,78,64,19,0,11,4,267.0,positive,emotionally positive,simple,playlist-driven,spotify and interpretive labels mostly align,playlist amplification
Por las Noches,Peso Pluma,1,2021,6,11,457,24,330346424,8,116,4,3,2.0,92,,Major,81,39,60,31,0,7,3,161.20000000000002,mixed,danceable but emotionally negative,complex,playlist-driven,danceability conflicts with emotional tone,playlist amplification
Feliz Cumpleaï¿½ï¿½os Fe,Feid,1,2022,8,19,3430,38,601863821,45,69,52,4,3.0,95,F,Major,87,57,55,10,0,29,7,1049.85,mixed,dance-focused track,complex,playlist-driven,mixed emotional signals across metrics,playlist amplification
Can't Hold Us (feat. Ray Dalton),"Ray Dalton, Ryan Lewis, Macklemore",3,2011,8,16,6074,52,1953533826,201,44,"6,551",2,0.0,146,D,Major,63,88,93,3,0,10,8,1842.0,upbeat,upbeat pop anthem,simple,playlist-driven,spotify and interpretive labels mostly align,playlist amplification
Watermelon Sugar,Harry Styles,1,2019,11,17,21915,34,2322580122,437,115,"1,212",12,0.0,95,,Major,55,56,82,12,0,34,5,6601.45,intense,mixed emotional tone,complex,playlist-driven,mixed emotional signals across metrics,playlist amplification
lovely - Bonus Track,"Billie Eilish, Khalid",2,2017,8,11,15032,30,2355719893,221,96,"1,078",2,136.0,115,E,Minor,35,12,30,93,0,10,3,4558.899999999999,sad,reflective acoustic mood,simple,playlist-driven,spotify and interpretive labels mostly align,social media virality
"Rauw Alejandro: Bzrp Music Sessions, Vol. 56","Rauw Alejandro, Bizarrap",2,2023,6,21,871,32,66902503,25,59,32,5,88.0,128,B,Major,78,59,65,10,0,26,5,296.25000000000006,mixed,dance-focused track,complex,playlist-driven,mixed emotional signals across metrics,playlist amplification
Queencard,(G)I-DLE,1,2023,5,15,451,33,96273746,10,126,7,0,148.0,130,E,Minor,82,69,83,3,0,27,5,192.04999999999998,intense,dance-focused track,simple,playlist-driven,spotify and interpretive labels mostly align,social media virality
OMG,NewJeans,1,2023,1,2,1783,27,430977451,26,124,15,1,22.0,127,A,Minor,80,74,77,36,0,11,4,564.75,upbeat,dance-focused track,simple,playlist-driven,spotify and interpretive labels mostly align,playlist amplification
Radio,Lana Del Rey,1,2011,1,1,9389,46,284819874,24,122,282,3,368.0,150,D,Major,42,20,86,21,0,9,9,2920.4,intense,emotionally tense,simple,playlist-driven,high energy despite low emotional positivity,social media virality
"Shakira: Bzrp Music Sessions, Vol. 53","Shakira, Bizarrap",2,2023,1,11,5724,44,721975598,119,108,254,29,22.0,122,D,Minor,78,50,63,27,0,9,5,1751.7000000000003,mixed,dance-focused track,complex,playlist-driven,mixed emotional signals across metrics,playlist amplification
505,Arctic Monkeys,1,2007,4,20,13985,25,1217120710,30,80,588,1,1.0,140,,Major,52,20,85,0,0,7,5,4214.05,intense,emotionally tense,simple,playlist-driven,high energy despite low emotional positivity,playlist amplification
"Calling (Spider-Man: Across the Spider-Verse) (Metro Boomin & Swae Lee, NAV, feat. A Boogie Wit da Hoodie)","Swae Lee, A Boogie Wit da Hoodie, Metro Boomin, NAV",4,2023,6,2,1051,16,109276132,31,37,31,0,189.0,140,,Major,63,22,54,46,0,12,8,362.65000000000003,mixed,somber mood,complex,playlist-driven,mixed emotional signals across metrics,social media virality
Trance (with Travis Scott & Young Thug),"Travis Scott, Young Thug, Metro Boomin",3,2022,12,2,1682,46,276259178,24,90,30,1,176.0,119,C#,Minor,75,48,53,18,0,18,34,564.9,mixed,mixed emotional tone,complex,playlist-driven,mixed emotional signals across metrics,social media virality
"Tere Vaaste (From ""Zara Hatke Zara Bachke"")","Sachin-Jigar, Shadab Faridi, Altamash Faridi, Amitabh Bhattacharya, Varun Jain",5,2023,5,22,182,8,54225632,3,88,1,0,52.0,110,G,Minor,76,96,72,32,0,9,4,80.2,upbeat,dance-focused track,simple,cross-platform-balanced,spotify and interpretive labels mostly align,collaborative artist visibility
Perfect,Ed Sheeran,1,2017,1,1,16596,13,2559529074,7,0,"2,094",0,0.0,95,G#,Major,60,17,45,16,0,11,2,4982.05,sad,somber mood,simple,playlist-driven,spotify and interpretive labels mostly align,playlist amplification
Romantic Homicide,d4vd,1,2022,7,20,2335,23,681583126,82,55,50,0,9.0,132,F#,Major,56,20,55,45,1,32,3,716.3,mixed,somber mood,complex,playlist-driven,mixed emotional signals across metrics,playlist amplification
Believer,Imagine Dragons,1,2017,1,31,18986,23,2594040133,250,121,"2,969",10,31.0,125,A#,Minor,77,74,78,4,0,23,11,5726.9,upbeat,dance-focused track,simple,playlist-driven,spotify and interpretive labels mostly align,playlist amplification
Novo Balanï¿½,"Veigh, Bvga Beatz, Supernova Ent, Prod Malax",4,2023,5,19,283,7,81102253,6,9,26,1,66.0,124,D#,Minor,84,65,50,67,0,13,6,101.29999999999998,mixed,dance-focused track,complex,playlist-driven,mixed emotional signals across metrics,playlist amplification
"Gol Bolinha, Gol Quadrado 2","Mc Pedrinho, DJ 900",2,2023,6,1,293,8,11956641,5,2,30,2,66.0,133,B,Minor,93,68,65,42,0,12,25,103.6,positive,dance-focused track,simple,playlist-driven,spotify and interpretive labels mostly align,playlist amplification
Without Me,Eminem,1,2002,1,1,21081,43,1687664027,98,76,"3,889",5,0.0,112,G,Major,92,67,66,0,0,36,9,6346.95,positive,dance-focused track,simple,playlist-driven,spotify and interpretive labels mostly align,playlist amplification
QUEMA,"Sog, Ryan Castro, Peso Pluma",3,2023,7,13,437,31,11599388,17,29,26,3,208.0,97,,Major,79,92,89,5,0,6,5,185.1,upbeat,upbeat pop anthem,simple,playlist-driven,spotify and interpretive labels mostly align,social media virality
Stargirl Interlude,"The Weeknd, Lana Del Rey",2,2016,11,24,1275,32,611700552,13,8,5,0,1.0,90,F,Minor,59,52,48,38,5,10,11,391.9,mixed,mixed emotional tone,complex,playlist-driven,mixed emotional signals across metrics,playlist amplification
Ojitos Lindos,"Bomba Estï¿½ï¿½reo, Bad B",2,2022,5,6,6135,38,1133865788,71,113,99,13,28.0,80,D#,Minor,65,27,69,8,0,53,4,1873.85,mixed,somber mood,complex,playlist-driven,mixed emotional signals across metrics,playlist amplification
Somewhere Only We Know,Keane,1,2004,1,1,20015,16,1089402494,107,69,"5,239",0,558.0,172,A,Major,45,33,59,6,0,8,3,6130.450000000001,mixed,mixed emotional tone,complex,playlist-driven,mixed emotional signals across metrics,social media virality
Those Eyes,New West,1,2019,5,10,1507,14,411747614,24,71,44,1,195.0,120,E,Major,60,24,35,73,0,31,3,505.34999999999997,sad,reflective acoustic mood,simple,playlist-driven,spotify and interpretive labels mostly align,social media virality
El Gordo Trae El Mando,Chino Pacas,1,2023,1,27,539,21,255932395,7,71,4,2,13.0,140,G,Minor,74,96,80,18,0,5,5,180.39999999999998,upbeat,emotionally positive,simple,playlist-driven,spotify and interpretive labels mostly align,playlist amplification
Mi Bello Angel,Natanael Cano,1,2023,6,30,86,8,31873544,7,76,3,1,93.0,128,A,Minor,81,90,77,1,0,9,5,57.900000000000006,upbeat,dance-focused track,simple,cross-platform-balanced,spotify and interpretive labels mostly align,mixed or unclear visibility
Bye,Peso Pluma,1,2023,5,26,324,14,95053634,13,110,8,2,60.0,122,,Major,78,70,81,57,0,10,5,129.4,intense,dance-focused track,simple,playlist-driven,spotify and interpretive labels mostly align,playlist amplification
Danza Kuduro,"Don Omar, Lucenzo",2,2010,1,1,17138,37,1279434863,119,81,974,1,503.0,130,,Major,47,86,92,8,0,5,24,5263.5,upbeat,upbeat pop anthem,simple,playlist-driven,spotify and interpretive labels mostly align,social media virality
Nosso Quadro,"Ana Castela, AgroPlay",2,2023,2,2,894,9,233801632,14,88,66,3,72.0,160,A,Major,69,61,71,33,0,31,20,298.34999999999997,mixed,mixed emotional tone,complex,playlist-driven,mixed emotional signals across metrics,playlist amplification
Locked Out Of Heaven,Bruno Mars,1,2012,12,5,1622,9,1481349984,0,0,356,0,0.0,144,F,Major,73,87,70,6,0,28,5,488.84999999999997,positive,emotionally positive,simple,playlist-driven,spotify and interpretive labels mostly align,playlist amplification
Un Finde | CROSSOVER #2,"Big One, FMK, Ke personajes",3,2023,4,4,561,14,142095275,4,14,12,5,56.0,192,B,Major,50,85,52,11,0,28,6,185.59999999999997,positive,emotionally positive,simple,playlist-driven,spotify and interpretive labels mostly align,playlist amplification
Jimmy Cooks (feat. 21 Savage),"Drake, 21 Savage",2,2022,6,17,5871,27,618885532,81,121,58,1,34.0,163,,Major,54,40,67,0,0,9,17,1793.1,mixed,mixed emotional tone,complex,playlist-driven,mixed emotional signals across metrics,playlist amplification
Counting Stars,OneRepublic,1,2013,1,1,29215,43,2011464183,179,97,"3,394",11,153.0,122,C#,Minor,66,48,71,6,0,12,4,8821.5,mixed,mixed emotional tone,complex,playlist-driven,mixed emotional signals across metrics,social media virality
Ghost,Justin Bieber,1,2021,3,19,5866,24,1167330737,107,38,95,0,0.0,154,D,Major,61,41,74,21,0,40,6,1771.5,mixed,mixed emotional tone,complex,playlist-driven,mixed emotional signals across metrics,playlist amplification
Under The Influence,Chris Brown,1,2019,10,4,3859,26,929964809,133,181,3,0,0.0,117,A,Minor,73,31,69,6,0,11,4,1191.3500000000001,mixed,danceable but emotionally negative,complex,playlist-driven,mixed emotional signals across metrics,playlist amplification
PRC,"Natanael Cano, Peso Pluma",2,2023,1,23,961,26,436027885,19,143,10,6,15.0,138,G,Minor,78,89,83,10,0,12,5,319.85,upbeat,upbeat pop anthem,simple,playlist-driven,spotify and interpretive labels mostly align,playlist amplification
Gasolina,Daddy Yankee,1,2004,7,13,6457,18,657723613,98,95,453,0,454.0,96,,Major,86,74,80,33,0,8,6,2046.6499999999999,upbeat,dance-focused track,simple,playlist-driven,spotify and interpretive labels mostly align,social media virality
One Dance,"Drake, WizKid, Kyla",3,2016,4,4,43257,24,2713922350,433,107,"3,631",0,26.0,104,C#,Major,77,36,63,1,0,36,5,13004.35,mixed,danceable but emotionally negative,complex,playlist-driven,danceability conflicts with emotional tone,playlist amplification
Enchanted,Taylor Swift,1,2010,1,1,4564,16,621660989,24,101,113,0,40.0,164,G#,Major,45,24,62,8,0,16,3,1396.3500000000001,mixed,somber mood,complex,playlist-driven,mixed emotional signals across metrics,playlist amplification
Save Your Tears,The Weeknd,1,2020,3,20,12688,13,1591223784,197,115,112,0,200.0,118,,Major,68,61,82,2,0,50,3,3866.8999999999996,intense,mixed emotional tone,complex,playlist-driven,mixed emotional signals across metrics,social media virality
Sure Thing,Miguel,1,2010,5,25,13801,19,950906471,137,125,435,6,285.0,81,B,Minor,68,51,60,3,0,19,10,4221.400000000001,mixed,mixed emotional tone,complex,playlist-driven,mixed emotional signals across metrics,social media virality
Every Breath You Take - Remastered 2003,The Police,1,1983,1,6,22439,19,1593270737,211,74,929,0,129.0,117,C#,Major,82,73,45,54,0,7,3,6773.35,positive,dance-focused track,simple,playlist-driven,spotify and interpretive labels mostly align,social media virality
The Night We Met,Lord Huron,1,2015,2,2,18515,35,1410088830,70,82,939,1,162.0,174,D,Major,45,10,37,97,25,64,4,5608.05,sad,reflective acoustic mood,simple,playlist-driven,spotify and interpretive labels mostly align,social media virality
We Found Love,"Rihanna, Calvin Harris",2,2011,1,1,36843,21,1235005533,321,91,"4,607",1,58.0,128,C#,Major,73,60,77,3,0,11,4,11083.5,mixed,mixed emotional tone,complex,playlist-driven,mixed emotional signals across metrics,playlist amplification
When I Was Your Man,Bruno Mars,1,2012,12,5,2420,11,1661187319,0,0,806,0,0.0,145,,Major,60,43,27,94,0,14,4,728.75,mixed,reflective acoustic mood,complex,playlist-driven,mixed emotional signals across metrics,playlist amplification
Let Me Down Slowly,Alec Benjamin,1,2018,5,25,5897,19,1374581173,0,0,885,0,0.0,150,C#,Minor,65,51,55,73,0,14,3,1773.85,mixed,mixed emotional tone,complex,playlist-driven,mixed emotional signals across metrics,playlist amplification
"Am I Dreaming (Metro Boomin & A$AP Rocky, Roisee)","A$AP Rocky, Metro Boomin, Roisee",3,2023,6,2,727,16,94186466,17,60,28,1,44.0,90,A,Minor,60,13,53,4,0,21,4,240.0,mixed,somber mood,complex,playlist-driven,mixed emotional signals across metrics,playlist amplification
Do I Wanna Know?,Arctic Monkeys,1,2013,1,1,33783,26,1788326445,133,92,"2,733",1,26.0,85,F,Major,55,42,53,17,0,22,3,10160.5,mixed,mixed emotional tone,complex,playlist-driven,mixed emotional signals across metrics,playlist amplification
Demons,Imagine Dragons,1,2012,1,1,26694,13,1840364617,65,82,"3,425",4,13.0,180,D#,Major,33,38,71,20,0,28,5,8026.75,mixed,mixed emotional tone,complex,playlist-driven,mixed emotional signals across metrics,playlist amplification
ýýýýýýýýýýýý,YOASOBI,1,2023,4,12,356,16,143573775,35,102,8,1,117.0,166,C#,Major,57,84,94,11,0,37,9,149.6,upbeat,upbeat pop anthem,simple,playlist-driven,spotify and interpretive labels mostly align,social media virality
Reminder,The Weeknd,1,2016,11,25,6518,17,684675814,45,85,238,1,47.0,160,G#,Major,71,40,50,16,0,16,22,1981.8999999999999,mixed,mixed emotional tone,complex,playlist-driven,mixed emotional signals across metrics,playlist amplification
Shake It Off,Taylor Swift,1,2014,1,1,21335,13,1113838873,328,70,"1,378",9,20.0,160,G,Major,65,95,80,5,0,41,16,6419.15,upbeat,emotionally positive,simple,playlist-driven,spotify and interpretive labels mostly align,playlist amplification
Why'd You Only Call Me When You're High?,Arctic Monkeys,1,2013,1,1,23389,29,1267333350,54,70,"1,089",2,1.0,92,D,Major,70,81,63,4,0,8,4,7034.849999999999,positive,emotionally positive,simple,playlist-driven,spotify and interpretive labels mostly align,playlist amplification
SNAP,Rosa Linn,1,2022,3,19,3202,18,726307468,148,80,226,24,0.0,170,,Major,56,53,64,11,0,45,6,979.4999999999999,mixed,mixed emotional tone,complex,playlist-driven,mixed emotional signals across metrics,playlist amplification
Shape of You,Ed Sheeran,1,2017,1,6,32181,10,3562543890,33,0,"6,808",7,0.0,96,C#,Minor,83,93,65,58,0,9,8,9657.5,positive,dance-focused track,simple,playlist-driven,spotify and interpretive labels mostly align,playlist amplification
Night Changes,One Direction,1,2014,11,17,7124,18,1131090940,60,20,2,0,0.0,120,G#,Major,67,40,52,86,0,12,4,2144.7,mixed,mixed emotional tone,complex,playlist-driven,mixed emotional signals across metrics,playlist amplification
Fin de Semana,"Oscar Maydon, Junior H",2,2023,1,13,592,14,307370144,11,84,6,1,30.0,98,,Major,70,37,54,6,0,9,8,199.79999999999998,mixed,mixed emotional tone,complex,playlist-driven,mixed emotional signals across metrics,playlist amplification
Creep,Radiohead,1,1992,9,21,36724,7,1271293243,146,72,"6,807",5,80.0,92,G,Major,53,12,34,1,0,12,4,11046.249999999998,sad,somber mood,simple,playlist-driven,spotify and interpretive labels mostly align,playlist amplification
Car's Outside,James Arthur,1,2019,10,18,794,10,265882712,38,25,61,0,263.0,150,A,Major,34,24,56,4,0,11,3,297.05,mixed,somber mood,complex,playlist-driven,mixed emotional signals across metrics,social media virality
Apocalypse,Cigarettes After Sex,1,2017,3,21,13091,17,841749534,61,96,790,2,116.0,94,F,Major,37,17,47,2,46,11,3,3969.3499999999995,sad,somber mood,simple,playlist-driven,spotify and interpretive labels mostly align,social media virality
Cheques,Shubh,1,2023,5,19,67,8,47956378,7,10,0,0,57.0,90,E,Minor,74,36,63,26,0,27,5,35.0,mixed,danceable but emotionally negative,complex,cross-platform-balanced,mixed emotional signals across metrics,mixed or unclear visibility
Pink + White,Frank Ocean,1,2016,8,20,21574,30,806397070,112,68,266,1,39.0,160,A,Major,54,54,55,67,0,42,11,6497.8,mixed,mixed emotional tone,complex,playlist-driven,mixed emotional signals across metrics,playlist amplification
Circles,Post Malone,1,2019,8,30,19664,16,2132335812,391,73,633,3,37.0,120,,Major,70,59,75,24,0,9,4,5921.849999999999,mixed,mixed emotional tone,complex,playlist-driven,mixed emotional signals across metrics,playlist amplification
Just The Way You Are,Bruno Mars,1,2010,1,1,21106,13,1641426668,82,0,"2,946",0,0.0,109,F,Major,63,46,85,1,0,9,5,6335.05,intense,mixed emotional tone,complex,playlist-driven,mixed emotional signals across metrics,playlist amplification
Take Me To Church,Hozier,1,2013,9,13,23804,31,2135158446,187,99,"4,623",1,0.0,129,E,Minor,57,41,66,63,0,12,5,7163.900000000001,mixed,mixed emotional tone,complex,playlist-driven,mixed emotional signals across metrics,playlist amplification
Bebe Dame,"Fuerza Regida, Grupo Frontera",2,2022,12,16,849,22,367316268,27,129,21,7,111.0,157,G,Major,54,75,60,30,0,7,5,302.45,positive,emotionally positive,simple,playlist-driven,spotify and interpretive labels mostly align,social media virality
You Belong With Me (Taylorï¿½ï¿½ï¿½s Ve,Taylor Swift,1,2021,4,9,2619,12,350381515,47,90,1,0,7.0,130,F#,Major,63,49,73,5,0,9,3,803.5999999999999,mixed,mixed emotional tone,complex,playlist-driven,mixed emotional signals across metrics,playlist amplification
Titi Me Preguntï¿,Bad Bunny,1,2022,5,6,9037,42,1264310836,124,133,139,14,166.0,107,F,Minor,65,19,72,10,0,13,25,2776.1499999999996,mixed,somber mood,complex,playlist-driven,mixed emotional signals across metrics,social media virality
Better Than Revenge (Taylor's Version),Taylor Swift,1,2023,7,7,86,11,30343206,3,33,3,0,1.0,146,B,Minor,50,67,89,0,0,19,8,33.7,intense,mixed emotional tone,complex,cross-platform-balanced,mixed emotional signals across metrics,mixed or unclear visibility
Shut up My Moms Calling,Hotel Ugly,1,2020,2,10,1788,14,405136812,1,50,19,0,19.0,139,A,Minor,48,37,41,32,0,10,10,551.1999999999999,mixed,mixed emotional tone,complex,playlist-driven,mixed emotional signals across metrics,playlist amplification
Have You Ever Seen The Rain?,Creedence Clearwater Revival,1,1968,7,1,15890,14,1145727611,71,37,653,0,167.0,116,,Major,74,76,70,7,0,13,3,4809.45,positive,emotionally positive,simple,playlist-driven,spotify and interpretive labels mostly align,social media virality
Es un Secreto,Plan B,1,2010,7,20,492,36,540654286,4,3,19,0,0.0,95,F#,Minor,84,52,77,12,0,7,4,157.04999999999998,mixed,dance-focused track,complex,playlist-driven,mixed emotional signals across metrics,playlist amplification
POLARIS - Remix,"Feid, Mora, Saiko, Quevedo",4,2023,6,8,773,33,57312735,20,46,21,8,99.0,170,G#,Minor,62,55,80,15,0,37,7,267.65,mixed,mixed emotional tone,complex,playlist-driven,mixed emotional signals across metrics,playlist amplification
Ditto,NewJeans,1,2022,12,19,1154,22,397582059,28,125,11,1,51.0,134,F#,Minor,81,18,64,3,0,10,11,380.75,mixed,danceable but emotionally negative,complex,playlist-driven,danceability conflicts with emotional tone,playlist amplification
Take On Me,a-ha,1,1984,10,19,44927,17,1479115056,34,0,"5,108",6,0.0,84,F#,Minor,57,86,90,2,0,9,5,13482.95,upbeat,upbeat pop anthem,simple,playlist-driven,spotify and interpretive labels mostly align,playlist amplification
"Annihilate (Spider-Man: Across the Spider-Verse) (Metro Boomin & Swae Lee, Lil Wayne, Offset)","Swae Lee, Lil Wayne, Offset, Metro Boomin",4,2023,6,2,551,4,86773632,13,46,20,1,10.0,146,B,Minor,61,20,48,21,0,12,6,175.29999999999998,sad,somber mood,simple,playlist-driven,spotify and interpretive labels mostly align,playlist amplification
"Angel Pt 1 (feat. Jimin of BTS, JVKE & Muni Long)","Kodak Black, NLE Choppa, Muni Long, JVKE, Jimin",5,2023,5,1,577,14,133753727,22,18,15,1,0.0,74,A#,Minor,53,24,67,11,0,10,28,179.39999999999998,mixed,somber mood,complex,playlist-driven,mixed emotional signals across metrics,playlist amplification
Acrï¿½ï¿½s,Shakira,1,2023,5,11,955,29,123124076,37,50,79,11,31.0,144,B,Major,75,35,48,84,0,10,12,308.55,mixed,danceable but emotionally negative,complex,playlist-driven,mixed emotional signals across metrics,playlist amplification
AMG,"Natanael Cano, Gabito Ballesteros, Peso Pluma",3,2022,11,24,995,19,463564958,12,117,9,5,3.0,136,B,Minor,77,79,73,15,0,27,10,321.90000000000003,upbeat,dance-focused track,simple,playlist-driven,spotify and interpretive labels mostly align,playlist amplification
"Phir Aur Kya Chahiye (From ""Zara Hatke Zara Bachke"")","Arijit Singh, Sachin-Jigar, Amitabha Bhattacharya",3,2023,5,15,178,6,64533040,6,71,1,0,31.0,100,E,Major,56,53,55,53,0,12,4,71.75,mixed,mixed emotional tone,complex,cross-platform-balanced,mixed emotional signals across metrics,collaborative artist visibility
S-Class,Stray Kids,1,2023,6,2,290,19,65496046,9,101,5,0,73.0,105,F,Minor,89,67,78,9,0,7,33,121.5,positive,dance-focused track,simple,playlist-driven,spotify and interpretive labels mostly align,playlist amplification
Hits Different,Taylor Swift,1,2023,5,26,547,0,68616963,15,15,6,0,0.0,106,F,Major,67,24,78,15,0,30,4,166.35,mixed,somber mood,complex,playlist-driven,mixed emotional signals across metrics,playlist amplification
Chanel,"Becky G, Peso Pluma",2,2023,3,30,681,10,161460990,15,92,21,2,26.0,132,D,Major,85,53,68,40,0,9,4,225.99999999999997,mixed,dance-focused track,complex,playlist-driven,mixed emotional signals across metrics,playlist amplification
Self Love (Spider-Man: Across the Spider-Verse) (Metro Boomin & Coi Leray),"Metro Boomin, Coi Leray",2,2023,6,2,332,5,70106975,18,41,5,0,19.0,120,A,Major,78,5,30,21,0,13,5,110.8,sad,danceable but emotionally negative,simple,playlist-driven,danceability conflicts with emotional tone,playlist amplification
Area Codes,"Kaliii, Kaliii",2,2023,3,17,1197,13,113509496,44,34,25,1,171.0,155,C#,Major,82,51,39,2,0,9,49,401.75,mixed,dance-focused track,complex,playlist-driven,mixed emotional signals across metrics,social media virality
Abcdario,"Junior H, Eden Muï¿½ï",2,2023,5,13,262,5,89933133,8,60,4,1,109.0,129,G#,Major,70,42,43,78,0,11,3,110.74999999999999,mixed,mixed emotional tone,complex,playlist-driven,mixed emotional signals across metrics,social media virality
Obsessed,"Abhijay Sharma, Riar Saab",2,2022,9,29,161,6,71007139,10,79,2,0,42.0,135,F,Minor,80,85,74,62,0,8,9,70.05,upbeat,dance-focused track,simple,cross-platform-balanced,spotify and interpretive labels mostly align,mixed or unclear visibility
Piï¿½ï¿½man Deï¿,"Semicenk, Doï¿½ï¿½u ",2,2023,6,2,185,3,43522589,5,6,4,1,33.0,98,A#,Minor,73,45,62,28,0,13,13,63.85,mixed,mixed emotional tone,complex,cross-platform-balanced,mixed emotional signals across metrics,mixed or unclear visibility
FLOWER,JISOO,1,2023,3,31,839,18,232896922,20,110,20,0,69.0,124,A,Minor,84,64,39,3,0,11,4,286.5,mixed,dance-focused track,complex,playlist-driven,mixed emotional signals across metrics,playlist amplification
"All The Way Live (Spider-Man: Across the Spider-Verse) (Metro Boomin & Future, Lil Uzi Vert)","Future, Lil Uzi Vert, Metro Boomin",3,2023,6,2,259,0,37126685,5,17,5,0,0.0,135,A,Minor,77,28,55,18,0,22,15,80.25,mixed,danceable but emotionally negative,complex,playlist-driven,danceability conflicts with emotional tone,playlist amplification
Eyes Closed,Ed Sheeran,1,2023,3,23,2915,30,195576623,116,69,107,3,675.0,107,D,Major,78,39,53,30,0,11,6,1027.65,mixed,danceable but emotionally negative,complex,playlist-driven,danceability conflicts with emotional tone,social media virality
Escapism.,"RAYE, 070 Shake",2,2022,10,12,5129,25,532336353,116,84,114,18,348.0,96,D,Major,54,25,74,14,0,9,11,1628.9499999999998,mixed,somber mood,complex,playlist-driven,mixed emotional signals across metrics,social media virality
La Jumpa,"Arcangel, Bad Bunny",2,2022,11,30,3794,34,538115192,47,77,53,10,8.0,123,G#,Major,71,58,70,30,0,32,19,1160.85,mixed,mixed emotional tone,complex,playlist-driven,mixed emotional signals across metrics,playlist amplification
Karma (feat. Ice Spice),"Taylor Swift, Ice Spice",2,2023,5,26,588,0,46142772,23,21,31,0,0.0,90,G#,Major,62,7,62,6,0,58,6,179.55,mixed,somber mood,complex,playlist-driven,mixed emotional signals across metrics,playlist amplification
Superhero (Heroes & Villains) [with Future & Chris Brown],"Future, Chris Brown, Metro Boomin",3,2022,12,2,2959,16,401036314,41,69,38,0,36.0,117,F,Minor,72,45,59,14,0,20,21,909.25,mixed,mixed emotional tone,complex,playlist-driven,mixed emotional signals across metrics,playlist amplification
Las Morras,"BLESSD, Peso Pluma",2,2023,4,4,291,8,127026613,8,78,4,1,1.0,133,A,Minor,78,90,84,31,0,7,4,101.3,upbeat,upbeat pop anthem,simple,playlist-driven,spotify and interpretive labels mostly align,playlist amplification
CHORRITO PA LAS ANIMAS,Feid,1,2022,12,2,2321,36,345031710,29,65,34,5,3.0,96,G#,Minor,74,61,83,11,0,35,6,716.15,intense,mixed emotional tone,complex,playlist-driven,mixed emotional signals across metrics,playlist amplification
Ch y la Pizza,"Fuerza Regida, Natanael Cano",2,2022,12,1,536,10,288101651,10,72,8,3,14.0,149,G#,Major,66,85,60,40,0,14,13,177.20000000000002,positive,emotionally positive,simple,playlist-driven,spotify and interpretive labels mostly align,playlist amplification
Snow On The Beach (feat. More Lana Del Rey),"Lana Del Rey, Taylor Swift",2,2023,5,26,359,2,60350538,1,0,9,0,0.0,110,F#,Minor,66,32,40,81,0,11,3,108.2,sad,mixed emotional tone,complex,playlist-driven,mixed emotional signals across metrics,playlist amplification
Players,Coi Leray,1,2022,11,30,4096,6,335074782,118,48,143,0,240.0,105,F#,Major,95,62,52,3,0,5,16,1285.5,mixed,dance-focused track,complex,playlist-driven,mixed emotional signals across metrics,social media virality
Bite Me,ENHYPEN,1,2023,5,22,349,69,76767396,8,96,5,0,56.0,105,C#,Major,80,69,78,28,0,11,14,147.54999999999998,positive,dance-focused track,simple,playlist-driven,spotify and interpretive labels mostly align,playlist amplification
Stand By Me (feat. Morgan Wallen),"Lil Durk, Morgan Wallen",2,2023,5,26,381,5,46065667,23,82,6,0,113.0,134,B,Major,76,61,58,6,0,16,3,150.45,mixed,dance-focused track,complex,playlist-driven,mixed emotional signals across metrics,social media virality
Normal,Feid,1,2022,7,8,2461,36,459276435,47,66,45,5,6.0,170,E,Minor,71,59,56,4,0,27,12,758.9,mixed,mixed emotional tone,complex,playlist-driven,mixed emotional signals across metrics,playlist amplification
Hummingbird (Metro Boomin & James Blake),"James Blake, Metro Boomin",2,2023,6,2,277,1,39666245,1,20,5,0,1.0,81,F#,Major,59,26,60,46,1,25,13,86.55,mixed,somber mood,complex,playlist-driven,mixed emotional signals across metrics,playlist amplification
Seu Brilho Sumiu - Ao Vivo,"Israel & Rodolffo, Mari Fernandez",2,2023,3,1,967,5,138517666,7,29,51,1,29.0,154,F#,Major,63,75,92,31,0,91,5,301.6,upbeat,upbeat pop anthem,simple,playlist-driven,spotify and interpretive labels mostly align,playlist amplification
Bad Habit,Steve Lacy,1,2022,6,29,8186,12,822633917,155,72,131,16,29.0,169,C#,Major,69,69,51,63,0,38,4,2477.0,positive,mixed emotional tone,complex,playlist-driven,mixed emotional signals across metrics,playlist amplification
CUFF IT,Beyoncï¿,1,2022,7,29,7842,10,595900742,215,88,330,26,23.0,115,G,Major,78,64,69,4,0,7,14,2375.4999999999995,mixed,dance-focused track,complex,playlist-driven,mixed emotional signals across metrics,playlist amplification
Lilith (feat. SUGA of BTS) (Diablo IV Anthem),"Halsey, Suga",2,2023,6,5,215,6,51985779,6,14,8,2,4.0,84,A,Minor,43,14,74,1,0,19,8,69.1,mixed,somber mood,complex,playlist-driven,mixed emotional signals across metrics,mixed or unclear visibility
69,"Nicky Jam, Feid",2,2023,5,18,1134,22,57945987,39,14,48,2,3.0,93,G#,Major,79,58,62,11,0,11,23,348.6,mixed,dance-focused track,complex,playlist-driven,mixed emotional signals across metrics,playlist amplification
Niï¿½ï¿½a Bo,"Sean Paul, Feid",2,2023,4,21,1305,34,115010040,29,26,43,5,44.0,91,G,Major,82,47,62,10,0,10,15,413.2,mixed,dance-focused track,complex,playlist-driven,mixed emotional signals across metrics,playlist amplification
Search & Rescue,Drake,1,2023,4,7,2066,6,175097833,58,70,43,0,182.0,142,A#,Minor,82,54,44,6,0,33,7,668.1999999999999,mixed,dance-focused track,complex,playlist-driven,mixed emotional signals across metrics,social media virality
AMERICA HAS A PROBLEM (feat. Kendrick Lamar),"Kendrick Lamar, Beyoncï¿",2,2023,5,19,896,0,57089066,34,2,33,0,1.0,126,C#,Major,78,20,70,1,0,16,4,269.3,mixed,danceable but emotionally negative,complex,playlist-driven,danceability conflicts with emotional tone,playlist amplification
Lavender Haze,Taylor Swift,1,2022,10,21,3763,8,488386797,51,43,38,10,1.0,97,A#,Major,73,10,44,26,0,16,8,1138.55,sad,danceable but emotionally negative,simple,playlist-driven,spotify and interpretive labels mostly align,playlist amplification
"Link Up (Metro Boomin & Don Toliver, Wizkid feat. BEAM & Toian) - Spider-Verse Remix (Spider-Man: Across the Spider-Verse )","WizKid, Toian, Metro Boomin, Don Toliver, Beam",5,2023,6,2,197,0,32761689,3,10,3,0,0.0,101,F,Major,92,59,51,41,51,26,8,60.599999999999994,mixed,dance-focused track,complex,cross-platform-balanced,mixed emotional signals across metrics,collaborative artist visibility
Efecto,Bad Bunny,1,2022,5,6,4004,33,1047480053,34,65,43,6,2.0,98,G,Minor,80,23,48,14,0,6,5,1220.2,sad,danceable but emotionally negative,simple,playlist-driven,danceability conflicts with emotional tone,playlist amplification
Erro Gostoso - Ao Vivo,Simone Mendes,1,2023,1,27,984,5,153454328,8,57,76,2,49.0,154,F#,Major,59,63,89,18,0,80,9,315.0,intense,mixed emotional tone,complex,playlist-driven,mixed emotional signals across metrics,playlist amplification
Cupido,Tini,1,2023,2,14,1240,24,217672943,51,29,63,4,54.0,120,A,Major,91,63,58,52,0,31,22,393.55,mixed,dance-focused track,complex,playlist-driven,mixed emotional signals across metrics,playlist amplification
Just Wanna Rock,Lil Uzi Vert,1,2022,10,17,3995,13,457184829,72,27,47,0,0.0,150,B,Major,49,4,55,7,0,6,3,1205.8,mixed,somber mood,complex,playlist-driven,mixed emotional signals across metrics,playlist amplification
Unstoppable,Sia,1,2016,1,21,7681,13,939844851,119,66,"1,145",2,0.0,174,A,Major,47,27,78,11,0,10,8,2317.6499999999996,mixed,somber mood,complex,playlist-driven,mixed emotional signals across metrics,playlist amplification
Until I Found You,Stephen Sanchez,1,2021,9,1,4427,4,726434358,69,100,154,20,438.0,202,A#,Major,34,25,51,69,0,18,4,1433.6999999999998,mixed,somber mood,complex,playlist-driven,mixed emotional signals across metrics,social media virality
Rich Flex,"Drake, 21 Savage",2,2022,11,4,4657,18,573633020,84,84,42,0,23.0,153,B,Minor,56,42,52,5,0,36,24,1418.7999999999997,mixed,mixed emotional tone,complex,playlist-driven,mixed emotional signals across metrics,playlist amplification
Easy On Me,Adele,1,2021,10,14,10195,20,1406111294,258,87,657,22,9.0,142,F,Major,60,13,37,58,0,13,3,3080.55,sad,somber mood,simple,playlist-driven,spotify and interpretive labels mostly align,playlist amplification
Cartï¿½ï¿½o B,"MC Caverinha, KayBlack",2,2023,5,11,269,4,71573339,7,2,30,1,11.0,108,A,Minor,84,55,47,26,0,20,64,84.3,mixed,dance-focused track,complex,playlist-driven,mixed emotional signals across metrics,playlist amplification
Danger (Spider) (Offset & JID),"Offset, JID",2,2023,6,2,214,0,24975653,3,3,6,0,0.0,143,B,Major,83,25,69,4,0,23,12,64.65,mixed,danceable but emotionally negative,complex,playlist-driven,danceability conflicts with emotional tone,mixed or unclear visibility
Oi Balde - Ao Vivo,Zï¿½ï¿½ Neto & Crist,1,2023,2,14,845,2,145458418,12,57,47,1,33.0,108,D,Major,67,55,67,60,0,80,5,269.25000000000006,mixed,mixed emotional tone,complex,playlist-driven,mixed emotional signals across metrics,playlist amplification
The Real Slim Shady,Eminem,1,2000,1,1,20763,27,1424589568,81,53,"3,271",1,17.0,104,F,Minor,95,78,66,3,0,4,6,6247.099999999999,positive,dance-focused track,simple,playlist-driven,spotify and interpretive labels mostly align,playlist amplification
MERCHO,"Migrantes, LiL CaKe, Nico Valdi",3,2022,12,16,1267,20,231332117,41,22,56,4,84.0,93,F#,Minor,84,96,79,43,0,18,11,405.59999999999997,upbeat,dance-focused track,simple,playlist-driven,spotify and interpretive labels mostly align,playlist amplification
The Color Violet,Tory Lanez,1,2021,12,10,2585,32,415932686,3,79,21,1,54.0,105,F#,Minor,65,46,53,16,0,9,5,806.25,mixed,mixed emotional tone,complex,playlist-driven,mixed emotional signals across metrics,playlist amplification
Glimpse of Us,Joji,1,2022,6,10,6330,6,988515741,109,42,158,3,31.0,170,G#,Major,44,27,32,89,0,14,5,1913.3,sad,reflective acoustic mood,simple,playlist-driven,spotify and interpretive labels mostly align,playlist amplification
Mejor Que Yo,"Mambo Kingz, DJ Luian, Anuel Aa",3,2023,5,4,675,1,50847624,9,13,11,0,1.0,178,C#,Minor,62,56,66,18,0,12,5,204.89999999999998,mixed,mixed emotional tone,complex,playlist-driven,mixed emotional signals across metrics,playlist amplification
Curtains,Ed Sheeran,1,2023,5,5,715,0,39893489,37,3,27,0,50.0,176,F#,Minor,50,44,76,10,0,32,5,224.95,mixed,mixed emotional tone,complex,playlist-driven,mixed emotional signals across metrics,playlist amplification
UNFORGIVEN (feat. Nile Rodgers),"Nile Rodgers, LE SSERAFIM",2,2023,5,1,327,13,92035115,14,110,9,0,49.0,104,E,Minor,80,38,88,11,0,11,5,127.64999999999999,intense,danceable but emotionally negative,simple,playlist-driven,danceability conflicts with emotional tone,playlist amplification
Haegeum,Agust D,1,2023,4,21,244,12,118810253,6,84,10,2,9.0,85,G,Major,70,83,84,31,0,47,30,90.8,upbeat,upbeat pop anthem,simple,playlist-driven,spotify and interpretive labels mostly align,mixed or unclear visibility
Conexï¿½ï¿½es de Mï¿½ï¿½fia (feat. Rich ,"Rich The Kid, Matuï¿",2,2023,4,30,385,4,77233241,17,7,41,1,29.0,117,F#,Minor,77,69,58,39,0,26,5,123.44999999999999,positive,dance-focused track,simple,playlist-driven,spotify and interpretive labels mostly align,playlist amplification
MIENTRAS ME CURO DEL CORA,Karol G,1,2023,2,24,1020,35,206399629,15,26,30,6,0.0,80,,Major,52,57,48,86,0,15,39,319.25,mixed,mixed emotional tone,complex,playlist-driven,mixed emotional signals across metrics,playlist amplification
Never Felt So Alone,Labrinth,1,2023,4,7,1730,3,117747907,46,5,51,0,20.0,98,F,Major,44,36,41,50,0,38,5,524.5,mixed,mixed emotional tone,complex,playlist-driven,mixed emotional signals across metrics,playlist amplification
X SI VOLVEMOS,"Karol G, Romeo Santos",2,2023,2,2,2127,33,266624541,45,80,53,8,4.0,178,C#,Minor,79,58,78,34,0,11,25,659.9499999999999,mixed,dance-focused track,complex,playlist-driven,mixed emotional signals across metrics,playlist amplification
ceilings,Lizzy McAlpine,1,2022,4,8,3242,9,293186992,67,55,48,0,6.0,148,A,Major,51,27,33,48,0,22,3,984.3,sad,somber mood,simple,playlist-driven,spotify and interpretive labels mostly align,playlist amplification
Cupid,Fifty Fifty,1,2023,2,24,526,10,139681964,15,93,30,0,320.0,120,D,Major,77,94,66,65,0,38,3,238.24999999999997,positive,dance-focused track,simple,playlist-driven,spotify and interpretive labels mostly align,social media virality
I AM,IVE,1,2023,4,10,366,15,123132751,16,102,7,0,55.0,122,E,Minor,68,38,88,1,0,8,5,139.85,intense,mixed emotional tone,complex,playlist-driven,mixed emotional signals across metrics,playlist amplification
Cupid ï¿½ï¿½ï¿½ Twin Ver. (FIFTY FIFTY) ï¿½ï¿½ï¿½ Spe,sped up 8282,1,1997,1,1,472,2,103762518,0,0,6,0,0.0,144,F,Major,74,75,73,42,0,9,4,142.1,upbeat,emotionally positive,simple,playlist-driven,spotify and interpretive labels mostly align,playlist amplification
Shorty Party,"Cartel De Santa, La Kelly",2,2023,3,4,432,12,162887075,8,14,12,2,33.0,96,D,Major,93,47,47,33,0,10,36,141.49999999999997,mixed,dance-focused track,complex,playlist-driven,mixed emotional signals across metrics,playlist amplification
Super,SEVENTEEN,1,2023,4,24,271,12,91221625,16,103,9,0,55.0,137,G#,Major,77,35,88,16,0,17,9,110.75,intense,danceable but emotionally negative,simple,playlist-driven,danceability conflicts with emotional tone,playlist amplification
Slut Me Out,NLE Choppa,1,2022,4,22,816,4,190490915,21,4,13,0,4.0,121,F#,Minor,94,71,61,12,0,53,42,247.2,positive,dance-focused track,simple,playlist-driven,spotify and interpretive labels mostly align,playlist amplification
Double Fantasy (with Future),"The Weeknd, Future",2,2023,4,21,1169,0,96180277,36,65,28,0,0.0,119,A,Minor,60,10,57,1,0,50,3,360.45,mixed,somber mood,complex,playlist-driven,mixed emotional signals across metrics,playlist amplification
All Of The Girls You Loved Before,Taylor Swift,1,2019,8,23,1282,6,185240616,26,6,19,0,5.0,96,D,Major,72,40,47,71,0,13,4,387.99999999999994,mixed,mixed emotional tone,complex,playlist-driven,mixed emotional signals across metrics,playlist amplification
PROVENZA,Karol G,1,2022,4,21,6587,34,885093467,114,104,147,11,20.0,111,C#,Major,87,53,52,66,1,11,5,2005.2999999999997,mixed,dance-focused track,complex,playlist-driven,mixed emotional signals across metrics,playlist amplification
Princess Diana (with Nicki Minaj),"Nicki Minaj, Ice Spice",2,2023,4,14,1444,4,104992946,0,0,0,0,0.0,148,A,Major,90,74,68,14,0,10,19,434.2,positive,dance-focused track,simple,playlist-driven,spotify and interpretive labels mostly align,playlist amplification
Di Que Si,"Grupo Marca Registrada, Grupo Frontera",2,2023,2,3,356,10,147290338,4,64,4,2,37.0,182,A,Major,57,80,59,8,0,6,5,126.5,positive,emotionally positive,simple,playlist-driven,spotify and interpretive labels mostly align,playlist amplification
Shivers,Ed Sheeran,1,2021,9,9,10147,30,1302184087,234,71,543,18,0.0,141,D,Major,79,82,86,28,0,4,9,3064.05,upbeat,upbeat pop anthem,simple,playlist-driven,spotify and interpretive labels mostly align,playlist amplification
Igualito a Mi Apï¿,"Fuerza Regida, Peso Pluma",2,2022,12,30,265,6,158950978,8,84,5,1,4.0,145,E,Minor,76,80,81,19,0,6,9,94.49999999999999,upbeat,upbeat pop anthem,simple,playlist-driven,spotify and interpretive labels mostly align,playlist amplification
Shoong! (feat. LISA of BLACKPINK),"TAEYANG, Lisa",2,2023,4,25,351,9,76910644,16,90,10,0,64.0,110,B,Minor,76,26,70,1,0,41,6,133.85,mixed,danceable but emotionally negative,complex,playlist-driven,danceability conflicts with emotional tone,playlist amplification
Komang,Raim Laode,1,2022,8,16,158,4,137123880,5,6,1,1,18.0,134,G,Major,70,35,41,41,0,10,3,53.0,mixed,mixed emotional tone,complex,cross-platform-balanced,mixed emotional signals across metrics,mixed or unclear visibility
DESPECHï¿,ROSALï¿½,1,2022,7,28,7613,33,782369383,180,90,422,15,55.0,130,G,Major,92,78,62,18,0,6,10,2318.15,positive,dance-focused track,simple,playlist-driven,spotify and interpretive labels mostly align,playlist amplification
Made You Look,Meghan Trainor,1,2022,10,21,3956,6,502574952,142,23,127,3,16.0,145,A#,Major,84,88,53,35,0,8,7,1195.25,positive,dance-focused track,simple,playlist-driven,spotify and interpretive labels mostly align,playlist amplification
Watch This - ARIZONATEARS Pluggnb Remix,"sped up nightcore, ARIZONATEARS, Lil Uzi Vert",3,2023,2,5,1638,10,207033255,0,0,21,0,0.0,130,B,Minor,69,36,90,1,10,15,4,493.9,intense,mixed emotional tone,complex,playlist-driven,mixed emotional signals across metrics,playlist amplification
No Se Va,Grupo Frontera,1,2022,4,28,924,18,404887295,17,80,22,9,38.0,173,,Major,59,69,53,12,0,23,3,302.2,positive,mixed emotional tone,complex,playlist-driven,mixed emotional signals across metrics,playlist amplification
Punto G,Quevedo,1,2022,11,4,1985,35,381161027,34,26,37,5,1.0,92,B,Minor,75,55,76,25,0,10,15,608.85,mixed,mixed emotional tone,complex,playlist-driven,mixed emotional signals across metrics,playlist amplification
Lovers Rock,TV Girl,1,2014,6,5,6339,13,466231982,3,1,36,1,37.0,105,F,Minor,56,57,87,0,1,10,4,1912.6,intense,mixed emotional tone,complex,playlist-driven,mixed emotional signals across metrics,playlist amplification
METAMORPHOSIS,INTERWORLD,1,2021,11,25,1561,24,357580552,18,78,24,0,30.0,175,G,Minor,59,15,64,43,90,12,10,491.99999999999994,mixed,somber mood,complex,playlist-driven,mixed emotional signals across metrics,playlist amplification
Mami Chula,"Quevedo, Jhayco",2,2023,4,27,875,4,61105704,17,13,27,0,43.0,120,G,Minor,80,33,70,22,0,9,4,274.05,mixed,danceable but emotionally negative,complex,playlist-driven,danceability conflicts with emotional tone,playlist amplification
En Paris,"El Chachito, Junior H",2,2022,12,24,406,5,198275403,3,31,2,1,0.0,139,D#,Minor,70,77,48,37,0,12,5,127.8,positive,emotionally positive,simple,playlist-driven,spotify and interpretive labels mostly align,playlist amplification
Set Me Free Pt.2,Jimin,1,2023,3,17,340,13,168448603,4,71,16,1,9.0,132,,Minor,59,56,82,12,0,12,6,117.8,intense,mixed emotional tone,complex,playlist-driven,mixed emotional signals across metrics,playlist amplification
I Was Never There,"The Weeknd, Gesaffelstein",2,2018,3,29,4188,15,705469769,30,70,142,0,27.0,114,A#,Major,32,17,74,14,0,17,3,1276.05,mixed,somber mood,complex,playlist-driven,mixed emotional signals across metrics,playlist amplification
Don't ever say love me (feat. RM of BTS),"RM, Colde",2,2023,5,4,105,0,34502215,5,9,5,0,0.0,145,B,Minor,54,19,48,36,0,37,5,32.85,sad,somber mood,simple,cross-platform-balanced,spotify and interpretive labels mostly align,mixed or unclear visibility
Shut Down,BLACKPINK,1,2022,9,16,1524,17,482175240,53,120,62,0,2.0,110,,Major,82,67,69,0,0,18,4,479.84999999999997,positive,dance-focused track,simple,playlist-driven,spotify and interpretive labels mostly align,playlist amplification
Gato de Noche,"Nengo Flow, Bad Bunny",2,2022,12,22,2651,30,304118600,21,55,32,3,0.0,94,G#,Major,89,61,66,17,0,36,16,811.3499999999999,mixed,dance-focused track,complex,playlist-driven,mixed emotional signals across metrics,playlist amplification
Call Out My Name,The Weeknd,1,2018,3,29,11087,6,1449799467,151,107,801,1,105.0,134,C#,Major,45,17,60,21,0,33,4,3364.75,mixed,somber mood,complex,playlist-driven,mixed emotional signals across metrics,social media virality
Like Crazy (English Version),Jimin,1,2023,3,24,373,19,173627354,4,72,5,0,5.0,120,G,Major,62,32,76,0,0,39,4,128.45,mixed,mixed emotional tone,complex,playlist-driven,mixed emotional signals across metrics,playlist amplification
Rosa Pastel,"Jasiel Nuï¿½ï¿½ez, Peso P",2,2023,2,2,200,4,90025258,8,77,2,1,1.0,123,G,Minor,70,86,68,24,0,11,4,72.85,positive,emotionally positive,simple,cross-platform-balanced,spotify and interpretive labels mostly align,mixed or unclear visibility
Sunroof,"Nicky Youre, Dazy",2,2021,12,3,3741,17,652704649,156,35,110,19,0.0,131,A#,Major,77,84,71,35,0,15,4,1133.7,upbeat,dance-focused track,simple,playlist-driven,spotify and interpretive labels mostly align,playlist amplification
Lose Yourself - Soundtrack Version,Eminem,1,2002,1,1,32502,21,1829992958,247,54,"5,567",1,51.0,171,D,Major,70,6,73,1,0,36,26,9774.250000000002,mixed,somber mood,complex,playlist-driven,mixed emotional signals across metrics,playlist amplification
Superman,"Eminem, Dina Rae",2,2002,5,26,7615,14,655466831,18,51,"1,005",0,0.0,130,E,Minor,80,64,76,2,0,20,6,2295.65,mixed,dance-focused track,complex,playlist-driven,mixed emotional signals across metrics,playlist amplification
Mas Rica Que Ayer,"Mambo Kingz, DJ Luian, Anuel Aa",3,2023,3,2,1208,34,146409671,10,41,20,0,1.0,94,B,Major,82,53,67,34,0,9,8,377.24999999999994,mixed,dance-focused track,complex,playlist-driven,mixed emotional signals across metrics,playlist amplification
People Pt.2 (feat. IU),"IU, Agust D",2,2023,4,7,209,4,95816024,4,45,11,2,24.0,89,G,Minor,73,44,57,39,0,32,6,75.44999999999999,mixed,mixed emotional tone,complex,playlist-driven,mixed emotional signals across metrics,mixed or unclear visibility
REMIX EXCLUSIVO,Feid,1,2023,3,17,1235,9,117206995,20,8,15,0,6.0,87,F,Minor,65,71,56,4,0,15,20,375.15,positive,emotionally positive,simple,playlist-driven,spotify and interpretive labels mostly align,playlist amplification
"Arcï¿½ï¿½ngel: Bzrp Music Sessions, Vol","Arcangel, Bizarrap",2,2023,3,22,654,3,100409613,11,3,18,1,1.0,124,B,Minor,72,79,78,55,0,15,30,197.69999999999996,upbeat,emotionally positive,simple,playlist-driven,spotify and interpretive labels mostly align,playlist amplification
DOGTOOTH,"Tyler, The Creator",2,2023,3,27,1479,0,80758350,23,0,18,0,33.0,78,G#,Major,71,80,65,51,0,22,32,450.3,positive,emotionally positive,simple,playlist-driven,spotify and interpretive labels mostly align,playlist amplification
10:35,"Tiï¿½ï¿½sto, Tate M",2,2022,11,1,4942,26,325592432,190,104,147,18,63.0,120,G#,Major,70,70,79,7,0,18,10,1519.0999999999997,positive,mixed emotional tone,complex,playlist-driven,mixed emotional signals across metrics,playlist amplification
SORRY NOT SORRY,"Tyler, The Creator",2,2023,3,31,709,0,58473276,8,1,13,0,0.0,96,F#,Minor,48,50,80,40,0,37,20,212.85,mixed,mixed emotional tone,complex,playlist-driven,mixed emotional signals across metrics,playlist amplification
HAPPY,NF,1,2023,3,25,660,0,52722996,22,7,11,0,78.0,106,G,Major,73,22,86,31,0,12,4,214.65,intense,danceable but emotionally negative,simple,playlist-driven,high energy despite low emotional positivity,playlist amplification
La Bebe,Yng Lvcas,1,2021,12,24,489,17,191945597,4,11,5,1,2.0,170,D,Minor,78,75,46,62,0,12,35,153.1,positive,dance-focused track,simple,playlist-driven,spotify and interpretive labels mostly align,playlist amplification
I Know - PR1SVX Edit,"Kanii, PR1ISVX",2,2023,3,24,407,0,77377503,16,15,5,0,1.0,134,B,Minor,67,11,76,8,47,30,7,124.55,mixed,somber mood,complex,playlist-driven,mixed emotional signals across metrics,playlist amplification
Late Night Talking,Harry Styles,1,2022,5,20,7461,8,743693613,166,42,199,16,58.0,115,A#,Major,71,90,73,30,0,11,5,2259.7999999999997,upbeat,emotionally positive,simple,playlist-driven,spotify and interpretive labels mostly align,playlist amplification
Leï¿½,Marï¿½ï¿½lia Mendo,1,2022,12,9,993,4,267789608,30,84,88,1,28.0,130,F#,Major,74,79,87,45,0,30,3,317.20000000000005,upbeat,upbeat pop anthem,simple,playlist-driven,spotify and interpretive labels mostly align,playlist amplification
Save Your Tears (with Ariana Grande) (Remix),"Ariana Grande, The Weeknd",2,2020,3,20,9161,5,1221813483,240,98,468,3,10.0,118,,Major,65,63,79,3,0,10,3,2766.5499999999997,mixed,mixed emotional tone,complex,playlist-driven,mixed emotional signals across metrics,playlist amplification
Something in the Orange,Zach Bryan,1,2022,4,22,3282,12,449701773,67,84,46,16,117.0,110,G,Major,59,22,38,42,0,12,3,1025.2,sad,somber mood,simple,playlist-driven,spotify and interpretive labels mostly align,social media virality
VOID,Melanie Martinez,1,2023,3,29,596,0,67070410,29,9,12,0,52.0,100,A,Major,72,42,66,18,4,19,4,190.54999999999998,mixed,mixed emotional tone,complex,playlist-driven,mixed emotional signals across metrics,playlist amplification
Dijeron Que No La Iba Lograr,"Fuerza Regida, Chino Pacas",2,2023,3,14,320,6,116334601,5,48,2,1,9.0,142,G,Minor,70,76,79,26,0,11,7,106.6,upbeat,emotionally positive,simple,playlist-driven,spotify and interpretive labels mostly align,playlist amplification
Midnight Rain,Taylor Swift,1,2022,10,21,2612,4,433356509,19,29,21,0,0.0,140,,Major,64,18,37,72,0,12,7,788.95,sad,reflective acoustic mood,simple,playlist-driven,spotify and interpretive labels mostly align,playlist amplification
If We Ever Broke Up,Mae Stephens,1,2023,2,10,2040,4,165584767,81,27,66,9,444.0,116,G,Major,90,96,73,62,0,9,4,706.75,upbeat,dance-focused track,simple,playlist-driven,spotify and interpretive labels mostly align,social media virality
You Proof,Morgan Wallen,1,2022,5,13,2128,9,367814306,37,88,9,0,14.0,120,A,Major,73,64,85,25,0,61,3,656.65,intense,mixed emotional tone,complex,playlist-driven,mixed emotional signals across metrics,playlist amplification
LA INOCENTE,"Feid, Mora",2,2022,4,1,2598,37,477033549,28,57,43,8,85.0,92,F,Minor,76,46,79,31,0,7,6,814.9999999999999,mixed,dance-focused track,complex,playlist-driven,mixed emotional signals across metrics,playlist amplification
Malas Decisiones,Kenia OS,1,2022,10,26,542,2,156214700,23,2,21,0,0.0,110,G#,Minor,81,64,79,5,0,31,3,163.4,mixed,dance-focused track,complex,playlist-driven,mixed emotional signals across metrics,playlist amplification
Murder In My Mind,Kordhell,1,2022,1,21,2459,20,448843705,20,68,50,0,22.0,120,A#,Major,71,57,97,1,0,13,11,757.3,intense,mixed emotional tone,complex,playlist-driven,mixed emotional signals across metrics,playlist amplification
Gangsta's Paradise,"Coolio, L.V.",2,1995,7,11,10624,17,1357608774,21,0,386,0,0.0,80,G#,Major,63,40,61,9,0,56,6,3191.45,mixed,mixed emotional tone,complex,playlist-driven,mixed emotional signals across metrics,playlist amplification
CAIRO,"Karol G, Ovy On The Drums",2,2022,11,13,2418,26,294352144,52,66,55,1,16.0,115,F,Minor,95,43,69,47,0,9,31,745.1,mixed,dance-focused track,complex,playlist-driven,mixed emotional signals across metrics,playlist amplification
I Love You So,The Walters,1,2014,11,28,7536,7,972164968,44,19,135,0,6.0,76,A#,Major,58,46,67,65,0,13,4,2266.5999999999995,mixed,mixed emotional tone,complex,playlist-driven,mixed emotional signals across metrics,playlist amplification
Dark Red,Steve Lacy,1,2017,2,20,10431,7,920045682,71,53,181,0,10.0,172,F#,Major,60,77,78,45,0,12,6,3140.9999999999995,upbeat,emotionally positive,simple,playlist-driven,spotify and interpretive labels mostly align,playlist amplification
Say You Won't Let Go,James Arthur,1,2016,9,9,15722,16,2420461338,231,37,"1,509",0,13.0,99,A#,Major,40,45,56,69,0,9,5,4728.75,mixed,mixed emotional tone,complex,playlist-driven,mixed emotional signals across metrics,playlist amplification
The Hills,The Weeknd,1,2015,5,27,25744,4,1947371785,122,94,"1,992",0,18.0,136,,Minor,36,12,57,9,0,14,8,7741.900000000001,mixed,somber mood,complex,playlist-driven,mixed emotional signals across metrics,playlist amplification
Heart To Heart,Mac DeMarco,1,2019,5,10,1640,0,244658767,27,27,29,1,1.0,150,G#,Minor,90,64,14,67,35,11,10,496.35,mixed,reflective acoustic mood,complex,playlist-driven,mixed emotional signals across metrics,playlist amplification
Peaches (from The Super Mario Bros. Movie),Jack Black,1,2023,4,7,34,0,68216992,0,0,0,0,0.0,92,A#,Minor,71,41,31,79,0,10,5,10.2,mixed,reflective acoustic mood,complex,cross-platform-balanced,mixed emotional signals across metrics,mixed or unclear visibility
Marisola - Remix,"Duki, NICKI NICOLE, Cris Mj, Standly, Stars Music Chile",5,2022,12,15,1845,16,223582566,20,8,30,2,0.0,95,C#,Major,77,72,87,17,0,7,5,558.9000000000001,upbeat,upbeat pop anthem,simple,playlist-driven,spotify and interpretive labels mostly align,playlist amplification
LOKERA,"Brray, Rauw Alejandro, Lyanno",3,2022,7,25,3301,30,471819764,72,64,64,6,3.0,102,B,Minor,83,58,83,21,0,10,5,1008.6,intense,dance-focused track,simple,playlist-driven,spotify and interpretive labels mostly align,playlist amplification
Low,SZA,1,2022,12,9,1911,0,272377463,23,71,14,0,9.0,145,,Minor,70,34,55,43,0,16,6,585.7499999999999,mixed,mixed emotional tone,complex,playlist-driven,mixed emotional signals across metrics,playlist amplification
Numb,Linkin Park,1,2003,3,24,20111,5,1361425037,39,0,"7,341",0,0.0,110,A,Major,50,24,86,0,0,64,4,6034.55,intense,emotionally tense,simple,playlist-driven,high energy despite low emotional positivity,playlist amplification
Tormenta (feat. Bad Bunny),"Gorillaz, Bad Bunny",2,2023,2,24,1529,0,149778242,32,18,39,2,0.0,95,,Major,64,30,77,46,0,38,6,461.59999999999997,mixed,mixed emotional tone,complex,playlist-driven,mixed emotional signals across metrics,playlist amplification
on the street (with J. Cole),"j-hope, J. Cole",2,2023,3,3,615,2,116599790,22,82,8,0,9.0,94,B,Minor,68,81,82,53,0,9,13,199.10000000000002,upbeat,upbeat pop anthem,simple,playlist-driven,spotify and interpretive labels mostly align,playlist amplification
One Thing At A Time,Morgan Wallen,1,2022,12,2,811,4,148469433,11,58,5,0,21.0,142,G,Major,61,92,91,0,0,26,3,257.2,upbeat,upbeat pop anthem,simple,playlist-driven,spotify and interpretive labels mostly align,playlist amplification
Miss You,"Robin Schulz, Oliver Tree",2,2022,8,5,5730,10,497225336,108,16,197,3,165.0,145,F#,Minor,59,20,74,1,0,15,5,1757.2,mixed,somber mood,complex,playlist-driven,mixed emotional signals across metrics,social media virality
Ainï¿½ï¿½ï¿½t Tha,Morgan Wallen,1,2023,3,3,356,4,88791109,4,20,0,0,0.0,121,F#,Minor,64,67,80,0,0,36,3,110.8,positive,mixed emotional tone,complex,playlist-driven,mixed emotional signals across metrics,playlist amplification
Thinkinï¿½ï¿½ï¿½ B,Morgan Wallen,1,2023,3,3,604,6,125917280,22,101,0,0,66.0,140,D#,Minor,66,43,76,49,0,12,3,211.04999999999998,mixed,mixed emotional tone,complex,playlist-driven,mixed emotional signals across metrics,playlist amplification
Private Landing (feat. Justin Bieber & Future),"Don Toliver, Future, Justin Bieber",3,2023,2,23,1190,0,105062254,29,3,18,0,19.0,137,C#,Minor,84,44,67,8,0,11,6,361.25,mixed,dance-focused track,complex,playlist-driven,mixed emotional signals across metrics,playlist amplification
Everything I Love,Morgan Wallen,1,2023,1,31,579,0,95623148,11,54,0,0,103.0,104,G#,Major,56,72,85,0,0,15,3,202.39999999999998,upbeat,upbeat pop anthem,simple,playlist-driven,spotify and interpretive labels mostly align,social media virality
Heaven,Niall Horan,1,2023,2,17,1553,2,144584800,61,6,48,0,150.0,92,F,Major,57,68,76,7,0,33,3,497.29999999999995,positive,mixed emotional tone,complex,playlist-driven,mixed emotional signals across metrics,social media virality
LET GO,Central Cee,1,2022,12,15,2301,20,298063749,49,23,110,0,8.0,146,D,Minor,74,51,45,86,0,21,38,700.35,mixed,mixed emotional tone,complex,playlist-driven,mixed emotional signals across metrics,playlist amplification
Sial,Mahalini,1,2023,1,23,134,4,166570053,4,6,0,0,23.0,120,D,Major,56,20,43,89,0,12,4,46.699999999999996,sad,somber mood,simple,cross-platform-balanced,spotify and interpretive labels mostly align,mixed or unclear visibility
I Wrote The Book,Morgan Wallen,1,2023,1,31,430,0,83021468,15,17,0,0,0.0,144,D,Major,68,83,81,9,0,8,4,131.55,upbeat,upbeat pop anthem,simple,playlist-driven,spotify and interpretive labels mostly align,playlist amplification
"Apna Bana Le (From ""Bhediya"")","Arijit Singh, Sachin-Jigar",2,2022,11,5,86,0,139836056,11,101,0,0,48.0,94,A,Major,59,44,56,80,0,6,3,50.550000000000004,mixed,mixed emotional tone,complex,cross-platform-balanced,mixed emotional signals across metrics,mixed or unclear visibility
SPIT IN MY FACE!,ThxSoMch,1,2022,10,31,629,14,303216294,32,3,9,0,0.0,94,G#,Major,73,65,79,5,2,11,6,192.64999999999998,mixed,mixed emotional tone,complex,playlist-driven,mixed emotional signals across metrics,playlist amplification
PLAYA DEL INGLï¿½,"Myke Towers, Quevedo",2,2022,12,15,1701,15,221409663,30,15,34,2,47.0,113,G,Minor,79,66,74,8,0,11,5,525.9,positive,dance-focused track,simple,playlist-driven,spotify and interpretive labels mostly align,playlist amplification
Man Made A Bar (feat. Eric Church),"Morgan Wallen, Eric Church",2,2023,3,3,329,0,58890931,14,35,1,0,0.0,148,E,Major,50,49,76,12,0,12,3,103.95,mixed,mixed emotional tone,complex,playlist-driven,mixed emotional signals across metrics,playlist amplification
Red Ruby Da Sleeze,Nicki Minaj,1,2023,3,3,1168,0,81419389,45,11,20,0,21.0,98,C#,Major,70,29,73,12,0,11,26,356.24999999999994,mixed,somber mood,complex,playlist-driven,mixed emotional signals across metrics,playlist amplification
Kahani Suno 2.0,Kaifi Khalil,1,2022,5,31,162,6,156777415,1,10,1,0,1.0,140,B,Major,58,26,38,91,0,10,4,51.800000000000004,sad,reflective acoustic mood,simple,cross-platform-balanced,spotify and interpretive labels mostly align,mixed or unclear visibility
Nobody Gets Me,SZA,1,2022,12,9,2536,6,284908316,59,100,58,13,2.0,100,G,Major,36,28,28,81,0,18,3,778.9999999999999,sad,reflective acoustic mood,simple,playlist-driven,spotify and interpretive labels mostly align,playlist amplification
PERO Tï¿,"Karol G, Quevedo",2,2023,2,23,387,11,93438910,11,15,14,3,1.0,140,F#,Major,86,68,79,39,0,11,29,121.6,positive,dance-focused track,simple,playlist-driven,spotify and interpretive labels mostly align,playlist amplification
Hype Boy,NewJeans,1,2022,8,1,892,17,363472647,20,119,12,2,7.0,100,E,Minor,59,78,94,27,0,29,23,291.29999999999995,upbeat,upbeat pop anthem,simple,playlist-driven,spotify and interpretive labels mostly align,playlist amplification
Bloody Mary,Lady Gaga,1,2011,1,1,3909,0,372476382,66,26,277,3,734.0,100,A,Minor,59,49,65,2,0,13,3,1323.7,mixed,mixed emotional tone,complex,playlist-driven,mixed emotional signals across metrics,social media virality
Monotonï¿½,"Ozuna, Shakira",2,2022,10,19,3645,15,380726517,118,34,150,4,19.0,132,,Minor,87,82,70,42,0,21,5,1106.55,positive,dance-focused track,simple,playlist-driven,spotify and interpretive labels mostly align,playlist amplification
ýýý98 Braves,Morgan Wallen,1,2023,3,3,282,0,56533272,6,15,0,0,0.0,142,D,Major,49,48,67,10,0,26,3,86.85,mixed,mixed emotional tone,complex,playlist-driven,mixed emotional signals across metrics,playlist amplification
WANDA,Quevedo,1,2023,1,20,888,22,175399345,11,24,7,1,7.0,176,E,Minor,72,96,63,25,0,21,7,277.0,positive,emotionally positive,simple,playlist-driven,spotify and interpretive labels mostly align,playlist amplification
Thought You Should Know,Morgan Wallen,1,2022,5,6,968,4,203221468,16,53,1,0,61.0,140,F#,Major,53,51,70,49,0,14,3,311.54999999999995,mixed,mixed emotional tone,complex,playlist-driven,mixed emotional signals across metrics,playlist amplification
In The End,Linkin Park,1,2000,10,24,25065,6,1624165576,63,0,"6,808",2,0.0,105,D#,Minor,55,40,90,1,0,32,6,7521.2,intense,mixed emotional tone,complex,playlist-driven,mixed emotional signals across metrics,playlist amplification
Zona De Perigo,Leo Santana,1,2022,12,8,531,4,134294498,20,1,71,2,0.0,135,F,Major,81,97,77,75,0,35,3,160.64999999999998,upbeat,dance-focused track,simple,playlist-driven,spotify and interpretive labels mostly align,playlist amplification
Lovezinho,Treyce,1,2022,7,28,242,0,70069745,12,2,13,0,4.0,128,E,Minor,82,61,59,30,0,12,4,73.69999999999999,mixed,dance-focused track,complex,playlist-driven,mixed emotional signals across metrics,mixed or unclear visibility
I Like You (A Happier Song) (with Doja Cat),"Post Malone, Doja Cat",2,2022,6,3,5281,14,609293408,94,21,80,15,38.0,101,F,Major,74,43,69,12,0,12,7,1600.05,mixed,mixed emotional tone,complex,playlist-driven,mixed emotional signals across metrics,playlist amplification
Neverita,Bad Bunny,1,2022,5,6,2590,30,671365962,20,64,35,6,0.0,122,A#,Major,88,43,50,7,0,14,5,794.7,mixed,dance-focused track,complex,playlist-driven,mixed emotional signals across metrics,playlist amplification
Vista Al Mar,Quevedo,1,2022,9,8,1769,34,362361576,16,19,21,3,4.0,105,,Minor,76,49,56,80,12,10,13,543.1499999999999,mixed,dance-focused track,complex,playlist-driven,mixed emotional signals across metrics,playlist amplification
Sem Alianï¿½ï¿½a no ,"MC Xenon, Os Gemeos da Putaria",2,2022,12,23,454,4,93587665,6,1,21,0,1.0,83,C#,Major,53,40,36,73,0,11,33,137.54999999999998,mixed,reflective acoustic mood,complex,playlist-driven,mixed emotional signals across metrics,playlist amplification
Enemy (with JID) - from the series Arcane League of Legends,"Imagine Dragons, League of Legends, JID, Arcane",4,2021,9,3,6180,7,1223481149,122,88,580,21,10.0,77,B,Minor,72,59,76,24,0,42,28,1873.05,mixed,mixed emotional tone,complex,playlist-driven,mixed emotional signals across metrics,playlist amplification
Revenge,XXXTENTACION,1,2017,8,25,3600,11,1022258230,7,0,203,0,2.0,140,B,Minor,75,18,25,78,0,11,26,1083.15,sad,danceable but emotionally negative,simple,playlist-driven,spotify and interpretive labels mostly align,playlist amplification
Bombonzinho - Ao Vivo,"Israel & Rodolffo, Ana Castela",2,2022,11,3,1254,6,263453310,26,69,73,2,6.0,158,C#,Major,65,72,95,31,0,92,5,389.45,upbeat,upbeat pop anthem,simple,playlist-driven,spotify and interpretive labels mostly align,playlist amplification
LA CANCIï¿½,"J Balvin, Bad Bunny",2,2019,6,28,6398,31,1435127549,177,109,305,3,5.0,176,G,Major,75,43,65,15,0,11,32,1944.7999999999997,mixed,mixed emotional tone,complex,playlist-driven,mixed emotional signals across metrics,playlist amplification
Quï¿½ï¿½ Ago,"Yuridia, Angela Aguilar",2,2022,10,20,660,15,236857112,19,59,18,5,52.0,98,B,Major,73,88,57,56,0,5,2,221.5,positive,emotionally positive,simple,playlist-driven,spotify and interpretive labels mostly align,playlist amplification
Love Again,The Kid Laroi,1,2023,1,27,1283,0,147538971,57,4,48,0,0.0,107,B,Minor,66,47,40,72,0,11,3,385.5,mixed,mixed emotional tone,complex,playlist-driven,mixed emotional signals across metrics,playlist amplification
After Hours,The Weeknd,1,2020,2,19,8084,6,698086140,45,115,218,1,221.0,109,F,Minor,66,16,57,10,1,12,3,2488.2499999999995,mixed,somber mood,complex,playlist-driven,mixed emotional signals across metrics,social media virality
About Damn Time,Lizzo,1,2022,7,15,2332,2,723894473,0,0,25,0,0.0,109,A#,Minor,84,72,74,10,0,34,7,700.1,upbeat,dance-focused track,simple,playlist-driven,spotify and interpretive labels mostly align,playlist amplification
Born With A Beer In My Hand,Morgan Wallen,1,2023,3,3,203,0,34450974,5,9,0,0,0.0,148,,Major,53,61,81,5,0,36,4,62.25,intense,mixed emotional tone,complex,playlist-driven,mixed emotional signals across metrics,mixed or unclear visibility
ýýýýýýýýýýýýýýýýýýýýý,Fujii Kaze,1,2020,5,20,685,14,403097450,24,94,9,0,23.0,158,F#,Minor,60,52,76,17,0,19,5,227.7,mixed,mixed emotional tone,complex,playlist-driven,mixed emotional signals across metrics,playlist amplification
Besos Moja2,"Wisin & Yandel, ROSALï¿½",2,2022,9,29,2460,13,309483971,53,7,56,3,1.0,94,F,Minor,74,64,73,6,0,10,6,742.8,mixed,mixed emotional tone,complex,playlist-driven,mixed emotional signals across metrics,playlist amplification
Maan Meri Jaan,King,1,2022,10,12,288,6,319566866,11,80,1,0,8.0,96,F#,Minor,70,40,51,35,0,10,4,101.49999999999999,mixed,mixed emotional tone,complex,playlist-driven,mixed emotional signals across metrics,playlist amplification
Moscow Mule,Bad Bunny,1,2022,5,6,4572,33,909001996,74,113,85,9,2.0,100,F,Minor,80,29,67,29,0,12,3,1398.1000000000001,mixed,danceable but emotionally negative,complex,playlist-driven,danceability conflicts with emotional tone,playlist amplification
My Universe,"Coldplay, BTS",2,2021,9,24,6127,13,1061966512,0,0,0,0,0.0,105,A,Major,58,42,68,1,0,14,4,1841.35,mixed,mixed emotional tone,complex,playlist-driven,mixed emotional signals across metrics,playlist amplification
Devil Donï¿½ï¿½ï¿½,Morgan Wallen,1,2023,3,3,166,0,32526947,2,10,0,0,0.0,125,,Major,53,32,66,38,0,9,3,51.3,mixed,mixed emotional tone,complex,cross-platform-balanced,mixed emotional signals across metrics,mixed or unclear visibility
LLYLM,ROSALï¿½,1,2023,1,27,1838,0,124988687,105,41,114,1,59.0,170,F#,Minor,56,56,63,13,0,19,27,569.4499999999999,mixed,mixed emotional tone,complex,playlist-driven,mixed emotional signals across metrics,playlist amplification
I'm Not Here To Make Friends,"Sam Smith, Calvin Harris, Jessie Reyez",3,2023,1,27,1890,0,103787664,86,1,49,0,9.0,115,,Major,70,84,90,17,0,41,6,568.9499999999999,upbeat,upbeat pop anthem,simple,playlist-driven,spotify and interpretive labels mostly align,playlist amplification
TRUSTFALL,P!nk,1,2023,1,27,2098,16,134255790,88,24,101,7,451.0,122,G#,Major,64,25,89,0,0,15,9,727.9000000000001,intense,emotionally tense,simple,playlist-driven,high energy despite low emotional positivity,social media virality
ANTIFRAGILE,LE SSERAFIM,1,2022,10,17,761,12,301051721,23,95,11,0,3.0,105,A#,Minor,88,82,80,8,0,11,8,246.14999999999998,upbeat,dance-focused track,simple,playlist-driven,spotify and interpretive labels mostly align,playlist amplification
Boy's a liar,PinkPantheress,1,2022,11,30,1225,0,156338624,27,0,28,13,0.0,133,F,Major,66,74,84,25,0,21,4,368.8,upbeat,upbeat pop anthem,simple,playlist-driven,spotify and interpretive labels mostly align,playlist amplification
VIBE (feat. Jimin of BTS),"TAEYANG, Jimin",2,2023,1,13,415,2,152850295,15,40,21,1,15.0,100,,Major,79,60,68,7,0,26,4,134.1,mixed,dance-focused track,complex,playlist-driven,mixed emotional signals across metrics,playlist amplification
Shirt,SZA,1,2022,10,28,3469,0,309653982,71,95,31,0,2.0,120,D#,Minor,82,55,45,15,3,9,10,1055.3500000000001,mixed,dance-focused track,complex,playlist-driven,mixed emotional signals across metrics,playlist amplification
Lift Me Up - From Black Panther: Wakanda Forever - Music From and Inspired By,Rihanna,1,2022,10,28,3311,0,297328960,129,31,212,1,41.0,177,A,Major,25,17,30,90,0,13,3,1006.25,sad,reflective acoustic mood,simple,playlist-driven,spotify and interpretive labels mostly align,playlist amplification
STAR WALKIN' (League of Legends Worlds Anthem),Lil Nas X,1,2022,9,22,2616,0,332506354,113,17,208,0,192.0,142,D,Minor,64,31,72,15,0,9,5,825.7499999999999,mixed,mixed emotional tone,complex,playlist-driven,mixed emotional signals across metrics,social media virality
"Sex, Drugs, Etc.",Beach Weather,1,2016,11,4,3006,16,480507035,47,60,87,12,124.0,144,E,Minor,57,47,84,1,1,52,4,940.8,intense,mixed emotional tone,complex,playlist-driven,mixed emotional signals across metrics,social media virality
Boy With Luv (feat. Halsey),"Halsey, BTS",2,2019,4,12,4260,0,1065580332,113,92,259,0,1.0,120,B,Minor,65,80,86,9,0,19,10,1292.0,upbeat,upbeat pop anthem,simple,playlist-driven,spotify and interpretive labels mostly align,playlist amplification
"Hey, Mickey!",Baby Tate,1,2016,9,27,482,0,122763672,9,1,12,4,3.0,135,D,Major,92,73,51,55,0,15,6,145.75,positive,dance-focused track,simple,playlist-driven,spotify and interpretive labels mostly align,playlist amplification
Calm Down,Rï¿½ï,1,2022,2,9,4013,10,445763624,107,44,750,22,0.0,107,B,Major,81,82,78,38,0,12,4,1215.1999999999998,upbeat,dance-focused track,simple,playlist-driven,spotify and interpretive labels mostly align,playlist amplification
Jhoome Jo Pathaan,"Arijit Singh, Vishal Dadlani, Sukriti Kakar, Vishal-Shekhar, Shekhar Ravjiani, Kumaar",6,2022,12,22,138,4,1365184,13,78,2,0,0.0,105,G,Major,82,62,74,10,0,33,7,54.099999999999994,mixed,dance-focused track,complex,cross-platform-balanced,mixed emotional signals across metrics,collaborative artist visibility
Escapism. - Sped Up,"RAYE, 070 Shake",2,2022,11,25,1368,0,184308753,12,1,11,0,8.0,108,F#,Minor,44,38,77,9,0,9,20,412.15,mixed,mixed emotional tone,complex,playlist-driven,mixed emotional signals across metrics,playlist amplification
Space Song,Beach House,1,2015,1,1,17852,4,789753877,69,76,335,0,0.0,147,,Minor,51,62,79,22,13,14,3,5367.999999999999,mixed,mixed emotional tone,complex,playlist-driven,mixed emotional signals across metrics,playlist amplification
Dreamers [Music from the FIFA World Cup Qatar 2022 Official Soundtrack],"BTS, Jung Kook, FIFA Sound",3,2022,11,20,889,20,323358833,11,78,35,0,21.0,115,,Major,71,34,88,16,0,44,4,287.59999999999997,intense,danceable but emotionally negative,simple,playlist-driven,high energy despite low emotional positivity,playlist amplification
Te Felicito,"Shakira, Rauw Alejandro",2,2022,4,21,4796,9,606361689,124,66,212,13,1.0,174,F,Major,70,57,64,23,0,8,32,1452.45,mixed,mixed emotional tone,complex,playlist-driven,mixed emotional signals across metrics,playlist amplification
Muï¿½ï¿½,"Steve Aoki, Tini, La Joaqui",3,2023,1,12,658,6,120972253,33,7,53,2,0.0,90,A#,Minor,68,83,71,3,0,31,8,200.15,upbeat,emotionally positive,simple,playlist-driven,spotify and interpretive labels mostly align,playlist amplification
TV,Billie Eilish,1,2022,7,21,3009,2,338564981,68,89,65,0,25.0,141,E,Minor,41,9,25,84,1,14,4,921.55,sad,reflective acoustic mood,simple,playlist-driven,spotify and interpretive labels mostly align,playlist amplification
I'm Not The Only One,Sam Smith,1,2014,1,1,17492,3,1606986953,136,24,"1,959",0,30.0,82,F,Major,68,50,49,56,0,8,4,5257.95,mixed,mixed emotional tone,complex,playlist-driven,mixed emotional signals across metrics,playlist amplification
Heather,Conan Gray,1,2020,3,20,6170,7,1301799902,82,1,231,0,2.0,92,F,Major,47,25,43,62,0,32,3,1853.3000000000002,sad,somber mood,simple,playlist-driven,spotify and interpretive labels mostly align,playlist amplification
"Besharam Rang (From ""Pathaan"")","Vishal-Shekhar, Shilpa Rao, Caralisa Monteiro, Kumaar, Vishal Dadlani, Shekhar Ravjiani",6,2022,12,12,130,4,140187018,21,79,2,0,0.0,116,G#,Minor,77,65,80,6,0,15,4,51.85,mixed,dance-focused track,complex,cross-platform-balanced,mixed emotional signals across metrics,collaborative artist visibility
One Kiss (with Dua Lipa),"Calvin Harris, Dua Lipa",2,2017,6,2,27705,10,1897517891,537,122,"2,726",6,0.0,124,A,Minor,79,59,86,4,0,8,11,8332.9,intense,dance-focused track,simple,playlist-driven,spotify and interpretive labels mostly align,playlist amplification
Sugar Rush Ride,TOMORROW X TOGETHER,1,2023,1,27,359,0,107642809,12,56,13,0,13.0,125,A#,Minor,71,83,89,1,0,17,9,118.7,upbeat,upbeat pop anthem,simple,playlist-driven,spotify and interpretive labels mostly align,playlist amplification
Pink Venom,BLACKPINK,1,2022,8,19,1963,16,551305895,57,119,77,1,13.0,90,,Major,80,71,69,2,0,27,10,613.45,positive,dance-focused track,simple,playlist-driven,spotify and interpretive labels mostly align,playlist amplification
WAIT FOR U (feat. Drake & Tems),"Drake, Future, Tems",3,2022,4,27,5491,14,556585270,128,84,75,0,35.0,83,C#,Major,46,34,64,31,0,7,34,1670.3999999999999,mixed,mixed emotional tone,complex,playlist-driven,mixed emotional signals across metrics,playlist amplification
Don't Start Now,Dua Lipa,1,2019,10,31,27119,0,2303033973,532,77,"1,535",3,8.0,124,B,Minor,79,68,79,1,0,10,8,8149.150000000001,positive,dance-focused track,simple,playlist-driven,spotify and interpretive labels mostly align,playlist amplification
After Dark,Mr.Kitty,1,2014,8,8,1776,14,646886885,1,9,3,0,0.0,140,G#,Major,58,4,60,7,41,8,3,537.65,mixed,somber mood,complex,playlist-driven,mixed emotional signals across metrics,playlist amplification
Eu Gosto Assim - Ao Vivo,"Gustavo Mioto, Mari Fernandez",2,2022,9,16,1473,4,222612678,27,64,66,1,4.0,154,,Major,64,61,91,15,0,72,4,453.40000000000003,intense,mixed emotional tone,complex,playlist-driven,mixed emotional signals across metrics,playlist amplification
INDUSTRY BABY (feat. Jack Harlow),"Jack Harlow, Lil Nas X",2,2021,7,23,13315,0,1814349763,300,47,690,0,0.0,150,D#,Minor,74,89,70,2,0,5,6,4001.55,positive,emotionally positive,simple,playlist-driven,spotify and interpretive labels mostly align,playlist amplification
MIDDLE OF THE NIGHT,Elley Duhï¿,1,2020,1,10,4057,8,872137015,78,21,240,1,52.0,186,E,Minor,41,9,61,2,0,12,5,1232.75,mixed,somber mood,complex,playlist-driven,mixed emotional signals across metrics,playlist amplification
Atlantis,Seafret,1,2015,4,22,3045,6,571386359,43,53,134,1,32.0,166,G#,Minor,40,23,48,5,0,12,3,929.45,sad,somber mood,simple,playlist-driven,spotify and interpretive labels mostly align,playlist amplification
PUNTO 40,"Baby Rasta, Rauw Alejandro",2,2022,9,22,3006,12,304079786,54,32,66,2,0.0,107,,Major,87,20,83,0,4,31,9,909.8,intense,danceable but emotionally negative,simple,playlist-driven,high energy despite low emotional positivity,playlist amplification
Evoque Prata,"DJ Escobar, MC MENOR SG, MC MENOR HR",3,2022,9,9,852,0,174006928,14,1,50,0,0.0,87,G,Major,87,52,52,31,0,28,24,255.75,mixed,dance-focused track,complex,playlist-driven,mixed emotional signals across metrics,playlist amplification
How Do I Say Goodbye,Dean Lewis,1,2022,8,5,2163,15,284785823,72,97,58,0,154.0,82,G#,Major,40,39,64,21,0,7,7,697.9999999999999,mixed,mixed emotional tone,complex,playlist-driven,mixed emotional signals across metrics,social media virality
Blind,SZA,1,2022,12,9,1484,0,163284000,22,51,12,0,0.0,114,A,Minor,46,60,28,91,0,21,4,452.84999999999997,mixed,reflective acoustic mood,complex,playlist-driven,mixed emotional signals across metrics,playlist amplification
Die For You,Joji,1,2022,11,4,1703,0,246390068,38,45,36,16,0.0,148,G#,Major,47,15,52,38,13,29,5,519.25,mixed,somber mood,complex,playlist-driven,mixed emotional signals across metrics,playlist amplification
Doja,Central Cee,1,2022,7,20,4169,44,482257456,57,44,183,1,11.0,140,F#,Major,91,97,57,38,0,40,29,1270.6,positive,dance-focused track,simple,playlist-driven,spotify and interpretive labels mostly align,playlist amplification
Gatita,Bellakath,1,2022,10,3,1054,0,168684524,9,0,15,0,1.0,101,G,Major,90,76,81,15,24,33,6,316.4,upbeat,upbeat pop anthem,simple,playlist-driven,spotify and interpretive labels mostly align,playlist amplification
Rumble,"Skrillex, Flowdan, Fred again..",3,2022,1,17,2849,0,78489819,39,45,27,0,1.0,140,C#,Minor,81,6,84,5,23,6,6,861.65,intense,danceable but emotionally negative,simple,playlist-driven,high energy despite low emotional positivity,playlist amplification
Niagara Falls (Foot or 2) [with Travis Scott & 21 Savage],"Travis Scott, 21 Savage, Metro Boomin",3,2022,12,2,1602,0,195516622,12,22,12,0,2.0,88,G,Minor,49,24,66,19,0,18,29,484.29999999999995,mixed,somber mood,complex,playlist-driven,mixed emotional signals across metrics,playlist amplification
Yonaguni,Bad Bunny,1,2021,6,4,9644,28,1260594497,120,86,164,4,0.0,180,C#,Major,64,44,65,28,0,14,12,2913.5,mixed,mixed emotional tone,complex,playlist-driven,mixed emotional signals across metrics,playlist amplification
Super Freaky Girl,Nicki Minaj,1,2022,8,12,4827,0,428685680,104,17,76,9,2.0,133,D,Major,95,91,89,6,0,31,24,1451.95,upbeat,upbeat pop anthem,simple,playlist-driven,spotify and interpretive labels mostly align,playlist amplification
Running Up That Hill (A Deal With God),Kate Bush,1,1985,9,16,21811,0,1024858327,117,1,676,3,0.0,108,A#,Minor,63,20,55,72,0,6,6,6543.75,mixed,somber mood,complex,playlist-driven,mixed emotional signals across metrics,playlist amplification
Dream On,Aerosmith,1,1973,1,5,168,0,838586769,0,0,5,0,0.0,80,F,Minor,39,24,43,39,0,23,3,50.4,sad,somber mood,simple,cross-platform-balanced,spotify and interpretive labels mostly align,mixed or unclear visibility
Limbo,Freddie Dredd,1,2022,8,11,688,0,199386237,14,1,17,0,2.0,75,B,Minor,80,46,62,3,6,11,46,206.95000000000002,mixed,dance-focused track,complex,playlist-driven,mixed emotional signals across metrics,playlist amplification
Where Are You Now,"Lost Frequencies, Calum Scott",2,2021,7,30,10565,44,972509632,238,122,557,17,58.0,121,F#,Minor,67,26,64,52,0,17,10,3212.1,mixed,somber mood,complex,playlist-driven,mixed emotional signals across metrics,playlist amplification
WORTH NOTHING,"Twisted, Oliver Tree",2,2022,9,28,1612,0,213438580,34,54,34,0,2.0,140,D,Minor,58,17,62,18,0,20,8,492.09999999999997,mixed,somber mood,complex,playlist-driven,mixed emotional signals across metrics,playlist amplification
Bad Habits,Ed Sheeran,1,2020,9,3,12755,8,1555511105,344,97,945,15,0.0,126,B,Minor,81,59,90,5,0,36,3,3844.55,intense,dance-focused track,simple,playlist-driven,spotify and interpretive labels mostly align,playlist amplification
KICK BACK,Kenshi Yonezu,1,2022,10,12,574,4,210038833,38,101,26,0,0.0,102,C#,Major,58,29,94,0,0,9,11,188.35,intense,emotionally tense,simple,playlist-driven,high energy despite low emotional positivity,playlist amplification
Evergreen (You Didnï¿½ï¿½ï¿½t Deserve Me A,Omar Apollo,1,2022,4,8,2499,0,227918678,70,0,49,0,0.0,82,A,Major,70,31,34,60,1,11,4,749.6999999999999,sad,mixed emotional tone,complex,playlist-driven,mixed emotional signals across metrics,playlist amplification
Good Days,SZA,1,2020,12,24,10426,2,826623384,133,109,182,1,10.0,121,C#,Minor,46,53,78,23,0,72,6,3146.7499999999995,mixed,mixed emotional tone,complex,playlist-driven,mixed emotional signals across metrics,playlist amplification
Levitating (feat. DaBaby),"Dua Lipa, DaBaby",2,2020,3,27,15894,8,1802514301,198,13,544,0,60.0,103,F#,Minor,70,92,83,1,0,7,6,4784.15,upbeat,upbeat pop anthem,simple,playlist-driven,spotify and interpretive labels mostly align,playlist amplification
Woman,Doja Cat,1,2021,6,25,9424,0,1329090101,202,50,463,4,0.0,108,F,Minor,82,88,76,9,0,12,9,2835.1,upbeat,dance-focused track,simple,playlist-driven,spotify and interpretive labels mostly align,playlist amplification
Shut up My Moms Calling - (Sped Up),Hotel Ugly,1,2022,9,14,713,7,181831132,2,4,6,0,0.0,85,F,Minor,65,36,47,31,0,12,10,216.25,mixed,mixed emotional tone,complex,playlist-driven,mixed emotional signals across metrics,playlist amplification
Ferrari,"James Hype, Miggy Dela Rosa",2,2022,3,14,7758,28,462791599,173,79,175,0,168.0,125,C#,Minor,84,70,69,1,0,5,5,2379.85,positive,dance-focused track,simple,playlist-driven,spotify and interpretive labels mostly align,social media virality
"You're On Your Own, Kid",Taylor Swift,1,2022,10,21,2537,2,348647203,8,18,20,0,1.0,120,D,Major,69,40,39,41,0,13,6,764.5000000000001,mixed,mixed emotional tone,complex,playlist-driven,mixed emotional signals across metrics,playlist amplification
"Kesariya (From ""Brahmastra"")","Pritam, Arijit Singh, Amitabh Bhattacharya",3,2022,7,17,292,6,366599607,26,98,4,0,0.0,94,,Major,58,44,57,57,0,10,3,103.8,mixed,mixed emotional tone,complex,playlist-driven,mixed emotional signals across metrics,playlist amplification
Agudo Mï¿½ï¿½gi,"Styrx, utku INC, Thezth",3,1930,1,1,323,0,90598517,4,0,14,0,0.0,130,F#,Minor,65,49,80,22,4,7,5,96.89999999999999,mixed,mixed emotional tone,complex,playlist-driven,mixed emotional signals across metrics,playlist amplification
Payphone,"Maroon 5, Wiz Khalifa",2,2012,1,1,14143,4,1479264469,56,38,"1,891",1,0.0,110,E,Major,74,51,74,2,0,29,4,4249.7,mixed,mixed emotional tone,complex,playlist-driven,mixed emotional signals across metrics,playlist amplification
All I Want for Christmas Is You,Mariah Carey,1,1994,10,28,25653,0,1449779435,387,132,"2,094",0,0.0,150,G,Major,34,33,63,16,0,7,4,7715.7,mixed,mixed emotional tone,complex,playlist-driven,mixed emotional signals across metrics,playlist amplification
Last Christmas,Wham!,1,1984,1,1,22153,0,1159176109,274,111,"1,302",0,0.0,107,B,Minor,74,88,65,28,0,46,3,6662.549999999999,positive,emotionally positive,simple,playlist-driven,spotify and interpretive labels mostly align,playlist amplification
Rockin' Around The Christmas Tree,Brenda Lee,1,1958,1,1,14994,0,769213520,191,168,206,0,0.0,140,G#,Major,70,85,41,71,0,45,5,4523.4,positive,emotionally positive,simple,playlist-driven,spotify and interpretive labels mostly align,playlist amplification
Jingle Bell Rock,Bobby Helms,1,1957,1,1,10326,0,741301563,165,99,104,0,0.0,119,D,Major,74,78,37,84,0,6,3,3112.6499999999996,positive,reflective acoustic mood,simple,playlist-driven,spotify and interpretive labels mostly align,playlist amplification
It's Beginning To Look A Lot Like Christmas,Michael Bublï¿,1,2011,10,14,12353,0,807561936,35,0,549,0,0.0,93,E,Major,35,38,23,91,0,29,3,3705.8999999999996,mixed,reflective acoustic mood,complex,playlist-driven,mixed emotional signals across metrics,playlist amplification
Santa Tell Me,Ariana Grande,1,2013,12,13,9408,0,834129063,231,106,439,0,0.0,133,G,Major,46,53,63,5,0,30,18,2838.3,mixed,mixed emotional tone,complex,playlist-driven,mixed emotional signals across metrics,playlist amplification
It's the Most Wonderful Time of the Year,Andy Williams,1,1963,10,14,8879,0,663832097,182,107,160,0,1.0,202,G,Major,24,76,60,77,0,12,4,2679.95,positive,emotionally positive,simple,playlist-driven,spotify and interpretive labels mostly align,playlist amplification
Let It Snow! Let It Snow! Let It Snow!,Dean Martin,1,1959,11,16,6512,0,446390129,88,1,277,0,0.0,134,C#,Major,45,72,24,91,0,18,4,1953.75,positive,reflective acoustic mood,simple,playlist-driven,spotify and interpretive labels mostly align,playlist amplification
Snowman,Sia,1,2017,1,1,5140,0,690104769,85,110,500,0,0.0,105,C#,Major,72,33,51,48,0,9,3,1558.5,mixed,danceable but emotionally negative,complex,playlist-driven,mixed emotional signals across metrics,playlist amplification
Underneath the Tree,Kelly Clarkson,1,2013,10,25,6596,0,485285717,144,99,251,0,0.0,160,G#,Major,51,69,81,0,0,21,5,1993.6499999999999,intense,mixed emotional tone,complex,playlist-driven,mixed emotional signals across metrics,playlist amplification
Feliz Navidad,Josï¿½ï¿½ Felic,1,1970,11,1,3788,0,520034544,21,3,10,0,0.0,148,D,Major,50,96,82,47,0,34,4,1136.85,upbeat,upbeat pop anthem,simple,playlist-driven,spotify and interpretive labels mostly align,playlist amplification
Holly Jolly Christmas,Michael Bublï¿,1,2011,10,14,7655,0,476244795,5,0,291,0,0.0,151,G,Major,65,70,47,87,0,9,4,2296.5,positive,mixed emotional tone,complex,playlist-driven,mixed emotional signals across metrics,playlist amplification
Mistletoe,Justin Bieber,1,2011,1,1,9577,0,629173063,195,111,310,0,0.0,162,F#,Minor,67,88,54,51,0,9,4,2889.75,positive,emotionally positive,simple,playlist-driven,spotify and interpretive labels mostly align,playlist amplification
Sleigh Ride,The Ronettes,1,1963,11,22,10114,0,404664135,114,74,262,0,0.0,92,D,Major,53,84,77,40,0,32,3,3045.2999999999997,upbeat,emotionally positive,simple,playlist-driven,spotify and interpretive labels mostly align,playlist amplification
Seek & Destroy,SZA,1,2022,12,9,1007,0,98709329,5,31,1,0,0.0,152,C#,Major,65,35,65,44,18,21,7,306.74999999999994,mixed,mixed emotional tone,complex,playlist-driven,mixed emotional signals across metrics,playlist amplification
Love Language,SZA,1,2022,12,9,1127,0,110849052,16,63,8,0,0.0,65,A,Minor,71,55,26,85,0,13,8,347.54999999999995,mixed,reflective acoustic mood,complex,playlist-driven,mixed emotional signals across metrics,playlist amplification
Happy Xmas (War Is Over),"John Lennon, The Harlem Community Choir, The Plastic Ono Band, Yoko Ono",4,1971,12,1,10829,0,460492795,130,1,390,0,0.0,147,D,Major,33,39,61,32,0,77,3,3248.85,mixed,mixed emotional tone,complex,playlist-driven,mixed emotional signals across metrics,playlist amplification
Used (feat. Don Toliver),"SZA, Don Toliver",2,2022,12,8,1042,0,94005786,7,29,3,0,0.0,150,A#,Minor,73,71,69,53,0,32,9,316.95,positive,emotionally positive,simple,playlist-driven,spotify and interpretive labels mostly align,playlist amplification
A Holly Jolly Christmas - Single Version,Burl Ives,1,1952,1,1,7930,0,395591396,108,120,73,0,0.0,140,,Major,67,81,36,64,0,15,3,2397.0,positive,reflective acoustic mood,simple,playlist-driven,spotify and interpretive labels mostly align,playlist amplification
The Christmas Song (Merry Christmas To You) - Remastered 1999,Nat King Cole,1,1946,11,1,11500,0,389771964,140,72,251,0,0.0,139,C#,Major,36,22,15,84,0,11,4,3460.8,sad,reflective acoustic mood,simple,playlist-driven,spotify and interpretive labels mostly align,playlist amplification
Wonderful Christmastime - Edited Version / Remastered 2011,Paul McCartney,1,1979,11,16,1685,0,403939487,1,0,29,0,0.0,95,B,Major,75,74,58,36,0,9,3,505.5,positive,emotionally positive,simple,playlist-driven,spotify and interpretive labels mostly align,playlist amplification
Do They Know It's Christmas? - 1984 Version,Band Aid,1,1984,11,25,14169,0,481697415,209,30,449,0,0.0,115,,Major,60,23,57,0,2,27,3,4255.2,mixed,somber mood,complex,playlist-driven,mixed emotional signals across metrics,playlist amplification
Ghost in the Machine (feat. Phoebe Bridgers),"SZA, Phoebe Bridgers",2,2022,12,9,1634,0,110073250,16,20,4,0,0.0,125,F#,Major,62,59,43,84,3,11,5,493.2,mixed,mixed emotional tone,complex,playlist-driven,mixed emotional signals across metrics,playlist amplification
Special,SZA,1,2022,12,9,906,0,88092256,6,21,3,0,0.0,76,,Major,60,19,20,78,0,11,5,274.95,sad,reflective acoustic mood,simple,playlist-driven,spotify and interpretive labels mostly align,playlist amplification
Merry Christmas Everyone,Shakin' Stevens,1,1984,1,1,1087,0,351636786,90,35,5,0,0.0,101,C#,Minor,72,91,87,14,0,13,3,331.34999999999997,upbeat,upbeat pop anthem,simple,playlist-driven,spotify and interpretive labels mostly align,playlist amplification
Let It Snow! Let It Snow! Let It Snow!,"Frank Sinatra, B. Swanson Quartet",2,1950,1,1,10585,0,473248298,126,108,406,0,0.0,143,D,Major,60,86,32,88,0,34,6,3191.7,positive,reflective acoustic mood,simple,playlist-driven,spotify and interpretive labels mostly align,playlist amplification
SOS,SZA,1,2022,12,9,827,0,73981293,6,18,1,0,0.0,119,G,Minor,51,51,66,67,0,9,23,250.79999999999998,mixed,mixed emotional tone,complex,playlist-driven,mixed emotional signals across metrics,playlist amplification
Open Arms (feat. Travis Scott),"SZA, Travis Scott",2,2022,12,8,1420,4,155653938,13,87,17,0,46.0,78,A,Major,67,22,59,76,1,15,16,449.25,mixed,somber mood,complex,playlist-driven,mixed emotional signals across metrics,playlist amplification
White Christmas,"Bing Crosby, John Scott Trotter & His Orchestra, Ken Darby Singers",3,1942,1,1,11940,0,395591396,73,79,123,0,0.0,96,A,Major,23,19,25,91,0,40,3,3593.85,sad,reflective acoustic mood,simple,playlist-driven,spotify and interpretive labels mostly align,playlist amplification
Driving Home for Christmas - 2019 Remaster,Chris Rea,1,1986,1,1,888,0,429504768,50,0,6,0,0.0,180,A,Major,51,87,58,36,0,18,4,266.4,positive,emotionally positive,simple,playlist-driven,spotify and interpretive labels mostly align,playlist amplification
Christmas (Baby Please Come Home),Darlene Love,1,1963,11,22,9122,0,242767149,121,58,212,0,0.0,126,D#,Major,34,35,76,39,0,8,5,2745.2999999999997,mixed,mixed emotional tone,complex,playlist-driven,mixed emotional signals across metrics,playlist amplification
Gone Girl,SZA,1,2022,12,9,892,0,65362788,3,17,2,0,0.0,150,F,Major,43,42,44,57,0,15,6,270.15,mixed,mixed emotional tone,complex,playlist-driven,mixed emotional signals across metrics,playlist amplification
F2F,SZA,1,2022,12,9,989,0,67540165,5,9,1,0,0.0,90,D,Major,53,47,74,9,0,34,4,298.05,mixed,mixed emotional tone,complex,playlist-driven,mixed emotional signals across metrics,playlist amplification
Notice Me,SZA,1,2022,12,9,819,0,62019074,14,22,0,0,0.0,160,F,Major,72,78,68,28,0,11,12,249.0,positive,emotionally positive,simple,playlist-driven,spotify and interpretive labels mostly align,playlist amplification
Merry Christmas,"Ed Sheeran, Elton John",2,2017,11,10,2209,0,135723538,72,90,141,0,0.0,114,,Major,59,60,94,24,0,10,4,676.1999999999999,intense,mixed emotional tone,complex,playlist-driven,mixed emotional signals across metrics,playlist amplification
It's Beginning to Look a Lot Like Christmas (with Mitchell Ayres & His Orchestra),"Perry Como, The Fontane Sisters, Mitchell Ayres & His Orchestra",3,1958,1,1,6290,0,295998468,89,39,158,0,0.0,113,G,Major,73,72,32,77,0,15,5,1892.85,positive,reflective acoustic mood,simple,playlist-driven,spotify and interpretive labels mostly align,playlist amplification
My Only Wish (This Year),Britney Spears,1,2000,11,7,6952,0,261116938,115,53,286,0,0.0,147,,Major,67,69,72,17,0,19,3,2093.5499999999997,positive,mixed emotional tone,complex,playlist-driven,mixed emotional signals across metrics,playlist amplification
Antidepresan,"Mabel Matiz, Mert Demir",2,2022,11,4,313,2,136689549,10,6,7,1,9.0,100,B,Minor,70,92,59,3,0,10,3,97.19999999999999,positive,emotionally positive,simple,playlist-driven,spotify and interpretive labels mostly align,playlist amplification
Wild Flower (with youjeen),RM,1,2022,12,2,353,2,135611421,2,74,14,0,2.0,155,G#,Major,49,42,77,3,0,12,9,117.89999999999999,mixed,mixed emotional tone,complex,playlist-driven,mixed emotional signals across metrics,playlist amplification
I Hate U,SZA,1,2021,12,3,4094,0,356709897,66,96,43,0,0.0,107,G,Minor,54,41,39,51,0,11,16,1242.6000000000001,mixed,mixed emotional tone,complex,playlist-driven,mixed emotional signals across metrics,playlist amplification
Raindrops (Insane) [with Travis Scott],"Travis Scott, Metro Boomin",2,2022,12,2,880,0,110649992,3,7,10,0,0.0,112,G#,Major,80,15,54,9,0,38,5,265.05,mixed,danceable but emotionally negative,complex,playlist-driven,danceability conflicts with emotional tone,playlist amplification
SPIT IN MY FACE!,ThxSoMch,1,2022,10,31,573,0,301869854,1,0,18,0,24.0,166,C#,Major,70,57,57,9,20,11,7,176.70000000000002,mixed,mixed emotional tone,complex,playlist-driven,mixed emotional signals across metrics,playlist amplification
Deck The Hall - Remastered 1999,Nat King Cole,1,1959,1,1,3299,0,127027715,65,39,41,0,0.0,107,F#,Minor,69,96,36,81,0,8,4,995.55,positive,reflective acoustic mood,simple,playlist-driven,spotify and interpretive labels mostly align,playlist amplification
Smoking on my Ex Pack,SZA,1,2022,12,9,811,0,57144458,6,11,3,0,0.0,81,G#,Major,47,33,68,24,0,22,38,244.95,mixed,mixed emotional tone,complex,playlist-driven,mixed emotional signals across metrics,playlist amplification
Conceited,SZA,1,2022,12,9,899,0,56870689,2,14,2,0,0.0,150,C#,Major,79,77,46,5,0,11,7,271.8,positive,dance-focused track,simple,playlist-driven,spotify and interpretive labels mostly align,playlist amplification
Snow On The Beach (feat. Lana Del Rey),"Taylor Swift, Lana Del Rey",2,2022,10,21,2415,0,323437194,33,57,30,0,11.0,110,A,Major,66,19,32,69,0,12,4,735.25,sad,reflective acoustic mood,simple,playlist-driven,spotify and interpretive labels mostly align,playlist amplification
Maroon,Taylor Swift,1,2022,10,21,2304,0,317726339,12,16,14,0,0.0,108,G,Major,64,4,40,6,0,10,6,693.5999999999999,sad,somber mood,simple,playlist-driven,spotify and interpretive labels mostly align,playlist amplification
Tubarï¿½ï¿½o Te,"Dj LK da Escï¿½ï¿½cia, Tchakabum, mc jhenny, M",4,2022,9,28,1003,0,116144341,21,0,44,0,0.0,130,E,Minor,89,48,74,30,0,7,36,300.9,mixed,dance-focused track,complex,playlist-driven,mixed emotional signals across metrics,playlist amplification
Bejeweled,Taylor Swift,1,2022,10,21,2699,0,328207708,39,35,22,2,0.0,164,G,Major,70,39,56,6,0,9,7,815.15,mixed,mixed emotional tone,complex,playlist-driven,mixed emotional signals across metrics,playlist amplification
Tarot,"Bad Bunny, Jhay Cortez",2,2022,5,6,2482,20,608228647,27,77,22,2,0.0,114,B,Minor,80,42,68,2,0,66,4,761.35,mixed,dance-focused track,complex,playlist-driven,mixed emotional signals across metrics,playlist amplification
You Make It Feel Like Christmas (feat. Blake Shelton),"Gwen Stefani, Blake Shelton",2,2005,9,20,2577,0,180577478,108,56,30,0,0.0,93,F,Major,63,93,88,1,0,12,4,781.5,upbeat,upbeat pop anthem,simple,playlist-driven,spotify and interpretive labels mostly align,playlist amplification
Desesperados,"Chencho Corleone, Rauw Alejandro",2,2021,6,25,6821,34,809306935,83,58,128,7,0.0,90,C#,Minor,87,51,69,36,0,9,8,2064.2,mixed,dance-focused track,complex,playlist-driven,mixed emotional signals across metrics,playlist amplification
Too Late,SZA,1,2022,12,8,714,0,49262961,0,9,2,0,0.0,128,B,Major,45,35,68,78,0,39,8,215.54999999999998,mixed,mixed emotional tone,complex,playlist-driven,mixed emotional signals across metrics,playlist amplification
Party,"Bad Bunny, Rauw Alejandro",2,2022,5,6,3185,4,614555082,38,64,37,3,36.0,97,A,Major,83,47,80,2,0,24,9,973.6,mixed,dance-focused track,complex,playlist-driven,mixed emotional signals across metrics,playlist amplification
Run Rudolph Run - Single Version,Chuck Berry,1,1958,1,1,8612,0,245350949,120,30,52,0,1.0,152,G,Minor,69,94,71,79,0,7,8,2588.2999999999997,upbeat,emotionally positive,simple,playlist-driven,spotify and interpretive labels mostly align,playlist amplification
Jingle Bells - Remastered 1999,Frank Sinatra,1,1957,1,1,4326,0,178660459,32,3,65,0,0.0,175,G#,Major,51,94,34,73,0,10,5,1298.25,positive,reflective acoustic mood,simple,playlist-driven,spotify and interpretive labels mostly align,playlist amplification
Far,SZA,1,2022,12,9,680,0,51641685,2,15,1,0,0.0,116,D,Major,61,48,55,67,0,16,8,206.25,mixed,mixed emotional tone,complex,playlist-driven,mixed emotional signals across metrics,playlist amplification
On Time (with John Legend),"John Legend, Metro Boomin",2,2022,12,2,398,0,78139948,2,2,6,0,2.0,80,F,Minor,33,51,59,76,0,44,6,120.1,mixed,mixed emotional tone,complex,playlist-driven,mixed emotional signals across metrics,playlist amplification
GATï¿½ï¿½,"Maldy, Karol G",2,2022,8,25,3328,13,322336177,39,50,57,3,1.0,93,B,Minor,63,34,86,26,0,21,39,1009.65,intense,emotionally tense,simple,playlist-driven,high energy despite low emotional positivity,playlist amplification
